Row#,Validate,Comment,"MS
Alias name","Protein
name","Obs.
m/z","Calc.
m/z",Calc.M,z,Sequence,"Apex Time
(Posit)","XIC
AUC",Glycans,"Mod.
Summary","Fragment
type(s)",Score,PID,Labels,"MS2 Search
Alias name","Protein isoelectric
point","Sample
type"
1,,,blank5; blank2; blank4; blank1; blank3; sonic3; lys3,AE-mDap,435.1777 - 435.1910,435.1848,868.3550,2,-.aEJ.-,26.40 - 30.68,2.068e+3 - 4.378e+7,,NTerm(GlcNAc(1)MurNAc_alditol(1)_nonreduced/478.1799),,,1598; 1722; 1928; 2145; 2399; 2473; 2539,,,3.30,Reference
1.1,,,blank5,AE-mDap,435.1855,435.1848,868.3550,2,-.aEJ.-,28.98,4.61e+5,,NTerm(GlcNAc(1)MurNAc_alditol(1)_nonreduced/478.1799),,,1598,,,3.30,Reference
1.2,,,blank2,AE-mDap,435.1850,435.1848,868.3550,2,-.aEJ.-,27.73,7.38e+4,,NTerm(GlcNAc(1)MurNAc_alditol(1)_nonreduced/478.1799),,,1722,,,3.30,Reference
1.3,,,blank4,AE-mDap,435.1864,435.1848,868.3550,2,-.aEJ.-,30.12,3.94e+3,,NTerm(GlcNAc(1)MurNAc_alditol(1)_nonreduced/478.1799),,,1928,,,3.30,Reference
1.4,,,blank1,AE-mDap,,435.1848,868.3550,2,-.aEJ.-,26.40,2.07e+3,,NTerm(GlcNAc(1)MurNAc_alditol(1)_nonreduced/478.1799),,,2145,,,3.30,Reference
1.5,,,blank3,AE-mDap,435.1862,435.1848,868.3550,2,-.aEJ.-,30.68,3.52e+3,,NTerm(GlcNAc(1)MurNAc_alditol(1)_nonreduced/478.1799),,,2399,,,3.30,Reference
1.6,,,sonic3,AE-mDap,435.1910,435.1848,868.3550,2,-.aEJ.-,26.90,4.17e+7,,NTerm(GlcNAc(1)MurNAc_alditol(1)_nonreduced/478.1799),,,2473,,,3.30,Reference
1.7,,,lys3,AE-mDap,435.1777,435.1848,868.3550,2,-.aEJ.-,26.66,4.38e+7,,NTerm(GlcNAc(1)MurNAc_alditol(1)_nonreduced/478.1799),,,2539,,,3.30,Reference
2,--,,blank5; blank2; blank4; blank1; blank3; sonic3; lys3,AEmA,470.7044 - 470.7051,470.7033,939.3921,2,-.aEJA.-,26.18 - 32.67,0.000e+0 - 1.106e+8,,NTerm(GlcNAc(1)MurNAc_alditol(1)_nonreduced/478.1799),--,0.30 - 111.90,1600; 1724; 1930; 2147; 2401; 1208; 1189; 1193; 1194; 1197; 1198; 1199; 1206; 1207; 1211; 1212; 1213; 1217; 1218; 1315; 1279; 1281; 1286; 1287; 1290; 1293; 1310; 1314; 1316; 1319; 1320; 1321,,7210_TM_35.raw_20200620_nonreduced_typical_monomers; 7210_TM_38.raw_20200620_nonreduced_typical_monomers,3.30,Reference
2.1,,,blank5,AEmA,470.7050,470.7033,939.3921,2,-.aEJA.-,30.56,6.91e+3,,NTerm(GlcNAc(1)MurNAc_alditol(1)_nonreduced/478.1799),,,1600,,,3.30,Reference
2.2,,,blank2,AEmA,470.7051,470.7033,939.3921,2,-.aEJA.-,30.55,1.08e+3,,NTerm(GlcNAc(1)MurNAc_alditol(1)_nonreduced/478.1799),,,1724,,,3.30,Reference
2.3,,,blank4,AEmA,470.7044,470.7033,939.3921,2,-.aEJA.-,32.67,8.33e+3,,NTerm(GlcNAc(1)MurNAc_alditol(1)_nonreduced/478.1799),,,1930,,,3.30,Reference
2.4,,,blank1,AEmA,470.7046,470.7033,939.3921,2,-.aEJA.-,30.47,0,,NTerm(GlcNAc(1)MurNAc_alditol(1)_nonreduced/478.1799),,,2147,,,3.30,Reference
2.5,,,blank3,AEmA,,470.7033,939.3921,2,-.aEJA.-,30.49,0,,NTerm(GlcNAc(1)MurNAc_alditol(1)_nonreduced/478.1799),,,2401,,,3.30,Reference
2.6,True-positive,,sonic3,AEmA,470.7048 - 470.7050,470.7033,939.3921,2,-.aEJA.-,26.70,1.11e+8,,NTerm(GlcNAc(1)MurNAc_alditol(1)_nonreduced/478.1799),--,1.46 - 101.60,1208; 1189; 1193; 1194; 1197; 1198; 1199; 1206; 1207; 1211; 1212; 1213; 1217; 1218,,7210_TM_35.raw_20200620_nonreduced_typical_monomers,3.30,Reference
2.6.1,True-positive,,sonic3,AEmA,470.7050,470.7033,939.3921,2,-.aEJA.-,26.70,1.11e+8,,NTerm(GlcNAc(1)MurNAc_alditol(1)_nonreduced/478.1799),ethcd,85.91,1208,,7210_TM_35.raw_20200620_nonreduced_typical_monomers,3.30,Reference
2.6.2,True-positive,,sonic3,AEmA,470.7050,470.7033,939.3921,2,-.aEJA.-,26.70,1.11e+8,,NTerm(GlcNAc(1)MurNAc_alditol(1)_nonreduced/478.1799),ethcd,5.95,1189,,7210_TM_35.raw_20200620_nonreduced_typical_monomers,3.30,Reference
2.6.3,True-positive,,sonic3,AEmA,470.7050,470.7033,939.3921,2,-.aEJA.-,26.70,1.11e+8,,NTerm(GlcNAc(1)MurNAc_alditol(1)_nonreduced/478.1799),etd,40.38,1193,,7210_TM_35.raw_20200620_nonreduced_typical_monomers,3.30,Reference
2.6.4,True-positive,,sonic3,AEmA,470.7050,470.7033,939.3921,2,-.aEJA.-,26.70,1.11e+8,,NTerm(GlcNAc(1)MurNAc_alditol(1)_nonreduced/478.1799),ethcd,10.76,1194,,7210_TM_35.raw_20200620_nonreduced_typical_monomers,3.30,Reference
2.6.5,True-positive,,sonic3,AEmA,470.7050,470.7033,939.3921,2,-.aEJA.-,26.70,1.11e+8,,NTerm(GlcNAc(1)MurNAc_alditol(1)_nonreduced/478.1799),etd,18.15,1197,,7210_TM_35.raw_20200620_nonreduced_typical_monomers,3.30,Reference
2.6.6,True-positive,,sonic3,AEmA,470.7050,470.7033,939.3921,2,-.aEJA.-,26.70,1.11e+8,,NTerm(GlcNAc(1)MurNAc_alditol(1)_nonreduced/478.1799),ethcd,11.02,1198,,7210_TM_35.raw_20200620_nonreduced_typical_monomers,3.30,Reference
2.6.7,True-positive,,sonic3,AEmA,470.7048,470.7033,939.3921,2,-.aEJA.-,26.70,1.11e+8,,NTerm(GlcNAc(1)MurNAc_alditol(1)_nonreduced/478.1799),ethcd,1.46,1199,,7210_TM_35.raw_20200620_nonreduced_typical_monomers,3.30,Reference
2.6.8,True-positive,,sonic3,AEmA,470.7050,470.7033,939.3921,2,-.aEJA.-,26.70,1.11e+8,,NTerm(GlcNAc(1)MurNAc_alditol(1)_nonreduced/478.1799),ethcd,8.01,1206,,7210_TM_35.raw_20200620_nonreduced_typical_monomers,3.30,Reference
2.6.9,True-positive,,sonic3,AEmA,470.7050,470.7033,939.3921,2,-.aEJA.-,26.70,1.11e+8,,NTerm(GlcNAc(1)MurNAc_alditol(1)_nonreduced/478.1799),etd,79.29,1207,,7210_TM_35.raw_20200620_nonreduced_typical_monomers,3.30,Reference
2.6.10,True-positive,,sonic3,AEmA,470.7050,470.7033,939.3921,2,-.aEJA.-,26.70,1.11e+8,,NTerm(GlcNAc(1)MurNAc_alditol(1)_nonreduced/478.1799),ethcd,3.35,1211,,7210_TM_35.raw_20200620_nonreduced_typical_monomers,3.30,Reference
2.6.11,True-positive,,sonic3,AEmA,470.7050,470.7033,939.3921,2,-.aEJA.-,26.70,1.11e+8,,NTerm(GlcNAc(1)MurNAc_alditol(1)_nonreduced/478.1799),etd,101.60,1212,,7210_TM_35.raw_20200620_nonreduced_typical_monomers,3.30,Reference
2.6.12,True-positive,,sonic3,AEmA,470.7050,470.7033,939.3921,2,-.aEJA.-,26.70,1.11e+8,,NTerm(GlcNAc(1)MurNAc_alditol(1)_nonreduced/478.1799),ethcd,91.69,1213,,7210_TM_35.raw_20200620_nonreduced_typical_monomers,3.30,Reference
2.6.13,True-positive,,sonic3,AEmA,470.7048,470.7033,939.3921,2,-.aEJA.-,26.70,1.11e+8,,NTerm(GlcNAc(1)MurNAc_alditol(1)_nonreduced/478.1799),etd,52.74,1217,,7210_TM_35.raw_20200620_nonreduced_typical_monomers,3.30,Reference
2.6.14,True-positive,,sonic3,AEmA,470.7048,470.7033,939.3921,2,-.aEJA.-,26.70,1.11e+8,,NTerm(GlcNAc(1)MurNAc_alditol(1)_nonreduced/478.1799),ethcd,71.98,1218,,7210_TM_35.raw_20200620_nonreduced_typical_monomers,3.30,Reference
2.7,True-positive,,lys3,AEmA,470.7046 - 470.7050,470.7033,939.3921,2,-.aEJA.-,26.18,1e+8,,NTerm(GlcNAc(1)MurNAc_alditol(1)_nonreduced/478.1799),--,0.30 - 111.90,1315; 1279; 1281; 1286; 1287; 1290; 1293; 1310; 1314; 1316; 1319; 1320; 1321,,7210_TM_38.raw_20200620_nonreduced_typical_monomers,3.30,Reference
2.7.1,True-positive,,lys3,AEmA,470.7048,470.7033,939.3921,2,-.aEJA.-,26.18,1e+8,,NTerm(GlcNAc(1)MurNAc_alditol(1)_nonreduced/478.1799),etd,44.94,1315,,7210_TM_38.raw_20200620_nonreduced_typical_monomers,3.30,Reference
2.7.2,True-positive,,lys3,AEmA,470.7050,470.7033,939.3921,2,-.aEJA.-,26.18,1e+8,,NTerm(GlcNAc(1)MurNAc_alditol(1)_nonreduced/478.1799),etd,27.66,1279,,7210_TM_38.raw_20200620_nonreduced_typical_monomers,3.30,Reference
2.7.3,True-positive,,lys3,AEmA,470.7050,470.7033,939.3921,2,-.aEJA.-,26.18,1e+8,,NTerm(GlcNAc(1)MurNAc_alditol(1)_nonreduced/478.1799),etd,21.55,1281,,7210_TM_38.raw_20200620_nonreduced_typical_monomers,3.30,Reference
2.7.4,True-positive,,lys3,AEmA,470.7048,470.7033,939.3921,2,-.aEJA.-,26.18,1e+8,,NTerm(GlcNAc(1)MurNAc_alditol(1)_nonreduced/478.1799),etd,33.77,1286,,7210_TM_38.raw_20200620_nonreduced_typical_monomers,3.30,Reference
2.7.5,True-positive,,lys3,AEmA,470.7048,470.7033,939.3921,2,-.aEJA.-,26.18,1e+8,,NTerm(GlcNAc(1)MurNAc_alditol(1)_nonreduced/478.1799),ethcd,1.75,1287,,7210_TM_38.raw_20200620_nonreduced_typical_monomers,3.30,Reference
2.7.6,True-positive,,lys3,AEmA,470.7047,470.7033,939.3921,2,-.aEJA.-,26.18,1e+8,,NTerm(GlcNAc(1)MurNAc_alditol(1)_nonreduced/478.1799),etd,0.57,1290,,7210_TM_38.raw_20200620_nonreduced_typical_monomers,3.30,Reference
2.7.7,True-positive,,lys3,AEmA,470.7047,470.7033,939.3921,2,-.aEJA.-,26.18,1e+8,,NTerm(GlcNAc(1)MurNAc_alditol(1)_nonreduced/478.1799),etd,9.36,1293,,7210_TM_38.raw_20200620_nonreduced_typical_monomers,3.30,Reference
2.7.8,True-positive,,lys3,AEmA,470.7049,470.7033,939.3921,2,-.aEJA.-,26.18,1e+8,,NTerm(GlcNAc(1)MurNAc_alditol(1)_nonreduced/478.1799),etd,111.90,1310,,7210_TM_38.raw_20200620_nonreduced_typical_monomers,3.30,Reference
2.7.9,True-positive,,lys3,AEmA,470.7048,470.7033,939.3921,2,-.aEJA.-,26.18,1e+8,,NTerm(GlcNAc(1)MurNAc_alditol(1)_nonreduced/478.1799),ethcd,0.30,1314,,7210_TM_38.raw_20200620_nonreduced_typical_monomers,3.30,Reference
2.7.10,True-positive,,lys3,AEmA,470.7048,470.7033,939.3921,2,-.aEJA.-,26.18,1e+8,,NTerm(GlcNAc(1)MurNAc_alditol(1)_nonreduced/478.1799),ethcd,70.80,1316,,7210_TM_38.raw_20200620_nonreduced_typical_monomers,3.30,Reference
2.7.11,True-positive,,lys3,AEmA,470.7046,470.7033,939.3921,2,-.aEJA.-,26.18,1e+8,,NTerm(GlcNAc(1)MurNAc_alditol(1)_nonreduced/478.1799),ethcd,5.88,1319,,7210_TM_38.raw_20200620_nonreduced_typical_monomers,3.30,Reference
2.7.12,True-positive,,lys3,AEmA,470.7046,470.7033,939.3921,2,-.aEJA.-,26.18,1e+8,,NTerm(GlcNAc(1)MurNAc_alditol(1)_nonreduced/478.1799),etd,82.52,1320,,7210_TM_38.raw_20200620_nonreduced_typical_monomers,3.30,Reference
2.7.13,True-positive,,lys3,AEmA,470.7046,470.7033,939.3921,2,-.aEJA.-,26.18,1e+8,,NTerm(GlcNAc(1)MurNAc_alditol(1)_nonreduced/478.1799),ethcd,79.46,1321,,7210_TM_38.raw_20200620_nonreduced_typical_monomers,3.30,Reference
3,--,,blank5; blank2; blank4; blank1; blank3; sonic3; lys3,AEmAG_AEmQ,499.2151 - 499.2161,499.2141,996.4135,2,-.aEJAG.-,21.99 - 25.96,0.000e+0 - 8.823e+6,,NTerm(GlcNAc(1)MurNAc_alditol(1)_nonreduced/478.1799),--,16.98 - 30.71,1640; 1759; 1967; 2186; 2438; 2505; 1276; 1275,,7210_TM_38.raw_20200620_nonreduced_atypical_monomers,3.30,Reference
3.1,,,blank5,AEmAG_AEmQ,,499.2141,996.4135,2,-.aEJAG.-,21.99,0,,NTerm(GlcNAc(1)MurNAc_alditol(1)_nonreduced/478.1799),,,1640,,,3.30,Reference
3.2,,,blank2,AEmAG_AEmQ,,499.2141,996.4135,2,-.aEJAG.-,22.03,0,,NTerm(GlcNAc(1)MurNAc_alditol(1)_nonreduced/478.1799),,,1759,,,3.30,Reference
3.3,,,blank4,AEmAG_AEmQ,499.2151,499.2141,996.4135,2,-.aEJAG.-,25.96,1.83e+3,,NTerm(GlcNAc(1)MurNAc_alditol(1)_nonreduced/478.1799),,,1967,,,3.30,Reference
3.4,,,blank1,AEmAG_AEmQ,,499.2141,996.4135,2,-.aEJAG.-,21.99,0,,NTerm(GlcNAc(1)MurNAc_alditol(1)_nonreduced/478.1799),,,2186,,,3.30,Reference
3.5,,,blank3,AEmAG_AEmQ,499.2156,499.2141,996.4135,2,-.aEJAG.-,25.59,1.86e+3,,NTerm(GlcNAc(1)MurNAc_alditol(1)_nonreduced/478.1799),,,2438,,,3.30,Reference
3.6,,,sonic3,AEmAG_AEmQ,499.2161,499.2141,996.4135,2,-.aEJAG.-,25.68,1.87e+6,,NTerm(GlcNAc(1)MurNAc_alditol(1)_nonreduced/478.1799),,,2505,,,3.30,Reference
3.7,True-positive,,lys3,AEmAG_AEmQ,499.2159,499.2141,996.4135,2,-.aEJAG.-,25.35,8.82e+6,,NTerm(GlcNAc(1)MurNAc_alditol(1)_nonreduced/478.1799),ethcd,16.98 - 30.71,1276; 1275,,7210_TM_38.raw_20200620_nonreduced_atypical_monomers,3.30,Reference
3.7.1,True-positive,,lys3,AEmAG_AEmQ,499.2159,499.2141,996.4135,2,-.aEJAG.-,25.35,8.82e+6,,NTerm(GlcNAc(1)MurNAc_alditol(1)_nonreduced/478.1799),ethcd,30.71,1276,,7210_TM_38.raw_20200620_nonreduced_atypical_monomers,3.30,Reference
3.7.2,True-positive,,lys3,AEmAG_AEmQ,499.2159,499.2141,996.4135,2,-.aEJAG.-,25.35,8.82e+6,,NTerm(GlcNAc(1)MurNAc_alditol(1)_nonreduced/478.1799),ethcd,16.98,1275,,7210_TM_38.raw_20200620_nonreduced_atypical_monomers,3.30,Reference
4,,,blank5; blank2; blank4; blank1; blank3; sonic3; lys3,AEmK,499.2307 - 499.2410,499.2322,996.4499,2,-.aEJK.-,25.12 - 30.39,9.384e+2 - 2.266e+6,,NTerm(GlcNAc(1)MurNAc_alditol(1)_nonreduced/478.1799),,,1652; 1770; 1979; 2199; 2450; 2518; 2571,,,7.00,Reference
4.1,,,blank5,AEmK,499.2315,499.2322,996.4499,2,-.aEJK.-,28.66,1.18e+3,,NTerm(GlcNAc(1)MurNAc_alditol(1)_nonreduced/478.1799),,,1652,,,7.00,Reference
4.2,,,blank2,AEmK,,499.2322,996.4499,2,-.aEJK.-,27.81,2.14e+3,,NTerm(GlcNAc(1)MurNAc_alditol(1)_nonreduced/478.1799),,,1770,,,7.00,Reference
4.3,,,blank4,AEmK,499.2401,499.2322,996.4499,2,-.aEJK.-,30.39,3.16e+3,,NTerm(GlcNAc(1)MurNAc_alditol(1)_nonreduced/478.1799),,,1979,,,7.00,Reference
4.4,,,blank1,AEmK,499.2307,499.2322,996.4499,2,-.aEJK.-,29.73,1.89e+3,,NTerm(GlcNAc(1)MurNAc_alditol(1)_nonreduced/478.1799),,,2199,,,7.00,Reference
4.5,,,blank3,AEmK,,499.2322,996.4499,2,-.aEJK.-,25.12,938,,NTerm(GlcNAc(1)MurNAc_alditol(1)_nonreduced/478.1799),,,2450,,,7.00,Reference
4.6,,,sonic3,AEmK,499.2410,499.2322,996.4499,2,-.aEJK.-,29.75,1.38e+6,,NTerm(GlcNAc(1)MurNAc_alditol(1)_nonreduced/478.1799),,,2518,,,7.00,Reference
4.7,,,lys3,AEmK,499.2408,499.2322,996.4499,2,-.aEJK.-,29.74,2.27e+6,,NTerm(GlcNAc(1)MurNAc_alditol(1)_nonreduced/478.1799),,,2571,,,7.00,Reference
5,--,,blank5; blank2; blank4; blank1; blank3; sonic3; lys3,AEmAA,506.2151 - 506.2309,506.2219,1010.4292,2,-.aEJAA.-,29.06 - 32.21,0.000e+0 - 1.909e+8,,NTerm(GlcNAc(1)MurNAc_alditol(1)_nonreduced/478.1799),--,33.44 - 130.41,1603; 1727; 1933; 2150; 2404; 2476; 1303; 1294; 1295; 1302; 1309; 1324,,7210_TM_38.raw_20200620_nonreduced_typical_monomers,3.30,Reference
5.1,,,blank5,AEmAA,,506.2219,1010.4292,2,-.aEJAA.-,32.21,3.19e+3,,NTerm(GlcNAc(1)MurNAc_alditol(1)_nonreduced/478.1799),,,1603,,,3.30,Reference
5.2,,,blank2,AEmAA,506.2151,506.2219,1010.4292,2,-.aEJAA.-,31.64,3.66e+3,,NTerm(GlcNAc(1)MurNAc_alditol(1)_nonreduced/478.1799),,,1727,,,3.30,Reference
5.3,,,blank4,AEmAA,,506.2219,1010.4292,2,-.aEJAA.-,31.17,994,,NTerm(GlcNAc(1)MurNAc_alditol(1)_nonreduced/478.1799),,,1933,,,3.30,Reference
5.4,,,blank1,AEmAA,,506.2219,1010.4292,2,-.aEJAA.-,30.41,0,,NTerm(GlcNAc(1)MurNAc_alditol(1)_nonreduced/478.1799),,,2150,,,3.30,Reference
5.5,,,blank3,AEmAA,506.2309,506.2219,1010.4292,2,-.aEJAA.-,29.51,1.99e+3,,NTerm(GlcNAc(1)MurNAc_alditol(1)_nonreduced/478.1799),,,2404,,,3.30,Reference
5.6,,,sonic3,AEmAA,506.2250,506.2219,1010.4292,2,-.aEJAA.-,29.80,7.65e+6,,NTerm(GlcNAc(1)MurNAc_alditol(1)_nonreduced/478.1799),,,2476,,,3.30,Reference
5.7,True-positive,,lys3,AEmAA,506.2234 - 506.2237,506.2219,1010.4292,2,-.aEJAA.-,29.06,1.91e+8,,NTerm(GlcNAc(1)MurNAc_alditol(1)_nonreduced/478.1799),--,33.44 - 130.41,1303; 1294; 1295; 1302; 1309; 1324,,7210_TM_38.raw_20200620_nonreduced_typical_monomers,3.30,Reference
5.7.1,True-positive,,lys3,AEmAA,506.2237,506.2219,1010.4292,2,-.aEJAA.-,29.06,1.91e+8,,NTerm(GlcNAc(1)MurNAc_alditol(1)_nonreduced/478.1799),ethcd,51.83,1303,,7210_TM_38.raw_20200620_nonreduced_typical_monomers,3.30,Reference
5.7.2,True-positive,,lys3,AEmAA,506.2234,506.2219,1010.4292,2,-.aEJAA.-,29.06,1.91e+8,,NTerm(GlcNAc(1)MurNAc_alditol(1)_nonreduced/478.1799),etd,66.10,1294,,7210_TM_38.raw_20200620_nonreduced_typical_monomers,3.30,Reference
5.7.3,True-positive,,lys3,AEmAA,506.2234,506.2219,1010.4292,2,-.aEJAA.-,29.06,1.91e+8,,NTerm(GlcNAc(1)MurNAc_alditol(1)_nonreduced/478.1799),ethcd,54.45,1295,,7210_TM_38.raw_20200620_nonreduced_typical_monomers,3.30,Reference
5.7.4,True-positive,,lys3,AEmAA,506.2237,506.2219,1010.4292,2,-.aEJAA.-,29.06,1.91e+8,,NTerm(GlcNAc(1)MurNAc_alditol(1)_nonreduced/478.1799),etd,80.75,1302,,7210_TM_38.raw_20200620_nonreduced_typical_monomers,3.30,Reference
5.7.5,True-positive,,lys3,AEmAA,506.2236,506.2219,1010.4292,2,-.aEJAA.-,29.06,1.91e+8,,NTerm(GlcNAc(1)MurNAc_alditol(1)_nonreduced/478.1799),etd,33.44,1309,,7210_TM_38.raw_20200620_nonreduced_typical_monomers,3.30,Reference
5.7.6,True-positive,,lys3,AEmAA,506.2236,506.2219,1010.4292,2,-.aEJAA.-,29.06,1.91e+8,,NTerm(GlcNAc(1)MurNAc_alditol(1)_nonreduced/478.1799),etd,130.41,1324,,7210_TM_38.raw_20200620_nonreduced_typical_monomers,3.30,Reference
6,,,blank5; blank2; blank4; blank1; blank3; sonic3; lys3,AEmF,508.7191 - 508.7191,508.7190,1015.4234,2,-.aEJF.-,45.99 - 48.37,0.000e+0 - 7.982e+4,,NTerm(GlcNAc(1)MurNAc_alditol(1)_nonreduced/478.1799),,,1647; 1765; 1974; 2194; 2445; 2513; 2566,,,3.30,Reference
6.1,,,blank5,AEmF,,508.7190,1015.4234,2,-.aEJF.-,46.01,0,,NTerm(GlcNAc(1)MurNAc_alditol(1)_nonreduced/478.1799),,,1647,,,3.30,Reference
6.2,,,blank2,AEmF,,508.7190,1015.4234,2,-.aEJF.-,45.99,0,,NTerm(GlcNAc(1)MurNAc_alditol(1)_nonreduced/478.1799),,,1765,,,3.30,Reference
6.3,,,blank4,AEmF,,508.7190,1015.4234,2,-.aEJF.-,46.02,0,,NTerm(GlcNAc(1)MurNAc_alditol(1)_nonreduced/478.1799),,,1974,,,3.30,Reference
6.4,,,blank1,AEmF,,508.7190,1015.4234,2,-.aEJF.-,46.02,0,,NTerm(GlcNAc(1)MurNAc_alditol(1)_nonreduced/478.1799),,,2194,,,3.30,Reference
6.5,,,blank3,AEmF,,508.7190,1015.4234,2,-.aEJF.-,48.37,7.98e+4,,NTerm(GlcNAc(1)MurNAc_alditol(1)_nonreduced/478.1799),,,2445,,,3.30,Reference
6.6,,,sonic3,AEmF,508.7191,508.7190,1015.4234,2,-.aEJF.-,48.01,1.61e+4,,NTerm(GlcNAc(1)MurNAc_alditol(1)_nonreduced/478.1799),,,2513,,,3.30,Reference
6.7,,,lys3,AEmF,,508.7190,1015.4234,2,-.aEJF.-,46.01,0,,NTerm(GlcNAc(1)MurNAc_alditol(1)_nonreduced/478.1799),,,2566,,,3.30,Reference
7,,,blank5; blank2; blank4; blank1; blank3; sonic3; lys3,AEmW,528.2263 - 528.2263,528.2244,1054.4343,2,-.aEJW.-,49.00 - 50.20,0.000e+0 - 5.697e+4,,NTerm(GlcNAc(1)MurNAc_alditol(1)_nonreduced/478.1799),,,1673; 1790; 1999; 2219; 2470; 2536; 2589,,,3.30,Reference
7.1,,,blank5,AEmW,,528.2244,1054.4343,2,-.aEJW.-,49.01,0,,NTerm(GlcNAc(1)MurNAc_alditol(1)_nonreduced/478.1799),,,1673,,,3.30,Reference
7.2,,,blank2,AEmW,,528.2244,1054.4343,2,-.aEJW.-,49.02,0,,NTerm(GlcNAc(1)MurNAc_alditol(1)_nonreduced/478.1799),,,1790,,,3.30,Reference
7.3,,,blank4,AEmW,,528.2244,1054.4343,2,-.aEJW.-,49.01,0,,NTerm(GlcNAc(1)MurNAc_alditol(1)_nonreduced/478.1799),,,1999,,,3.30,Reference
7.4,,,blank1,AEmW,,528.2244,1054.4343,2,-.aEJW.-,49.02,0,,NTerm(GlcNAc(1)MurNAc_alditol(1)_nonreduced/478.1799),,,2219,,,3.30,Reference
7.5,,,blank3,AEmW,,528.2244,1054.4343,2,-.aEJW.-,49.00,0,,NTerm(GlcNAc(1)MurNAc_alditol(1)_nonreduced/478.1799),,,2470,,,3.30,Reference
7.6,,,sonic3,AEmW,528.2263,528.2244,1054.4343,2,-.aEJW.-,50.20,5.7e+4,,NTerm(GlcNAc(1)MurNAc_alditol(1)_nonreduced/478.1799),,,2536,,,3.30,Reference
7.7,,,lys3,AEmW,,528.2244,1054.4343,2,-.aEJW.-,49.82,2.72e+4,,NTerm(GlcNAc(1)MurNAc_alditol(1)_nonreduced/478.1799),,,2589,,,3.30,Reference
8,--,,blank5; blank2; blank4; blank1; blank3; sonic3; lys3,AEmKR,577.2827 - 577.2849,577.2828,1152.5510,2,-.aEJKR.-,25.70 - 31.28,2.495e+3 - 1.162e+8,,NTerm(GlcNAc(1)MurNAc_alditol(1)_nonreduced/478.1799),--,23.23 - 80.54,1654; 1772; 1981; 2201; 2452; 1179; 1178; 1277,,7210_TM_35.raw_20200620_nonreduced_atypical_monomers; 7210_TM_38.raw_20200620_nonreduced_atypical_monomers,10.10,Reference
8.1,,,blank5,AEmKR,577.2846,577.2828,1152.5510,2,-.aEJKR.-,31.28,2.68e+5,,NTerm(GlcNAc(1)MurNAc_alditol(1)_nonreduced/478.1799),,,1654,,,10.10,Reference
8.2,,,blank2,AEmKR,577.2841,577.2828,1152.5510,2,-.aEJKR.-,31.28,4.82e+4,,NTerm(GlcNAc(1)MurNAc_alditol(1)_nonreduced/478.1799),,,1772,,,10.10,Reference
8.3,,,blank4,AEmKR,577.2844,577.2828,1152.5510,2,-.aEJKR.-,31.28,5.45e+3,,NTerm(GlcNAc(1)MurNAc_alditol(1)_nonreduced/478.1799),,,1981,,,10.10,Reference
8.4,,,blank1,AEmKR,577.2827,577.2828,1152.5510,2,-.aEJKR.-,31.28,7.29e+3,,NTerm(GlcNAc(1)MurNAc_alditol(1)_nonreduced/478.1799),,,2201,,,10.10,Reference
8.5,,,blank3,AEmKR,577.2838,577.2828,1152.5510,2,-.aEJKR.-,31.28,2.5e+3,,NTerm(GlcNAc(1)MurNAc_alditol(1)_nonreduced/478.1799),,,2452,,,10.10,Reference
8.6,True-positive,,sonic3,AEmKR,577.2849,577.2828,1152.5510,2,-.aEJKR.-,25.85,1.16e+8,,NTerm(GlcNAc(1)MurNAc_alditol(1)_nonreduced/478.1799),--,23.23 - 80.54,1179; 1178,,7210_TM_35.raw_20200620_nonreduced_atypical_monomers,10.10,Reference
8.6.1,True-positive,,sonic3,AEmKR,577.2849,577.2828,1152.5510,2,-.aEJKR.-,25.85,1.16e+8,,NTerm(GlcNAc(1)MurNAc_alditol(1)_nonreduced/478.1799),ethcd,23.23,1179,,7210_TM_35.raw_20200620_nonreduced_atypical_monomers,10.10,Reference
8.6.2,True-positive,,sonic3,AEmKR,577.2849,577.2828,1152.5510,2,-.aEJKR.-,25.85,1.16e+8,,NTerm(GlcNAc(1)MurNAc_alditol(1)_nonreduced/478.1799),hcd,80.54,1178,,7210_TM_35.raw_20200620_nonreduced_atypical_monomers,10.10,Reference
8.7,True-positive,,lys3,AEmKR,577.2849,577.2828,1152.5510,2,-.aEJKR.-,25.70,6.66e+7,,NTerm(GlcNAc(1)MurNAc_alditol(1)_nonreduced/478.1799),hcd,41.88,1277,,7210_TM_38.raw_20200620_nonreduced_atypical_monomers,10.10,Reference
9,--,,blank5; blank2; blank4; blank1; blank3; sonic3; lys3,AEmA-AEmA_AEmAA-AEm,692.2950 - 692.3165,692.3041,1382.5937,2,-.aEJAAEJA.-,29.19 - 33.43,1.267e+4 - 1.540e+8,,NTerm(GlcNAc(1)MurNAc_alditol(1)_nonreduced/478.1799),--,5.12 - 35.39,1617; 1740; 1947; 2164; 2418; 2486; 1245; 1244,,7210_TM_38.raw_20200620_nonereduced_typical_dimers,3.13,Reference
9.1,,,blank5,AEmA-AEmA_AEmAA-AEm,692.3058,692.3041,1382.5937,2,-.aEJAAEJA.-,33.43,5.64e+4,,NTerm(GlcNAc(1)MurNAc_alditol(1)_nonreduced/478.1799),,,1617,,,3.13,Reference
9.2,,,blank2,AEmA-AEmA_AEmAA-AEm,692.2950,692.3041,1382.5937,2,-.aEJAAEJA.-,32.31,2.1e+4,,NTerm(GlcNAc(1)MurNAc_alditol(1)_nonreduced/478.1799),,,1740,,,3.13,Reference
9.3,,,blank4,AEmA-AEmA_AEmAA-AEm,692.3135,692.3041,1382.5937,2,-.aEJAAEJA.-,31.56,1.27e+4,,NTerm(GlcNAc(1)MurNAc_alditol(1)_nonreduced/478.1799),,,1947,,,3.13,Reference
9.4,,,blank1,AEmA-AEmA_AEmAA-AEm,692.2951,692.3041,1382.5937,2,-.aEJAAEJA.-,29.19,1.44e+4,,NTerm(GlcNAc(1)MurNAc_alditol(1)_nonreduced/478.1799),,,2164,,,3.13,Reference
9.5,,,blank3,AEmA-AEmA_AEmAA-AEm,,692.3041,1382.5937,2,-.aEJAAEJA.-,29.95,2.23e+4,,NTerm(GlcNAc(1)MurNAc_alditol(1)_nonreduced/478.1799),,,2418,,,3.13,Reference
9.6,True-positive,,sonic3,AEmA-AEmA_AEmAA-AEm,692.3165,692.3041,1382.5937,2,-.aEJAAEJA.-,30.25,1.29e+8,,NTerm(GlcNAc(1)MurNAc_alditol(1)_nonreduced/478.1799),,,2486,,,3.13,Reference
9.7,True-positive,,lys3,AEmA-AEmA_AEmAA-AEm,692.3062 - 692.3066,692.3041,1382.5937,2,-.aEJAAEJA.-,30.29,1.54e+8,,NTerm(GlcNAc(1)MurNAc_alditol(1)_nonreduced/478.1799),etd,5.12 - 35.39,1245; 1244,,7210_TM_38.raw_20200620_nonereduced_typical_dimers,3.13,Reference
9.7.1,True-positive,,lys3,AEmA-AEmA_AEmAA-AEm,692.3062,692.3041,1382.5937,2,-.aEJAAEJA.-,30.29,1.54e+8,,NTerm(GlcNAc(1)MurNAc_alditol(1)_nonreduced/478.1799),etd,35.39,1245,,7210_TM_38.raw_20200620_nonereduced_typical_dimers,3.13,Reference
9.7.2,True-positive,,lys3,AEmA-AEmA_AEmAA-AEm,692.3066,692.3041,1382.5937,2,-.aEJAAEJA.-,30.29,1.54e+8,,NTerm(GlcNAc(1)MurNAc_alditol(1)_nonreduced/478.1799),etd,5.12,1244,,7210_TM_38.raw_20200620_nonereduced_typical_dimers,3.13,Reference
10,--,,blank5; blank2; blank4; blank1; blank3; sonic3; lys3,AEmAA-AEmA,727.8141 - 727.8267,727.8227,1453.6308,2,-.AEJAAAEJa.-,28.58 - 31.06,1.387e+4 - 1.311e+7,,CTerm(GlcNAc(1)MurNAc_alditol(1)_nonreduced/478.1799),--,77.92 - 89.92,1607; 1731; 1937; 2154; 2408; 2479; 1248; 1243,,7210_TM_38.raw_20200620_nonereduced_typical_dimers,3.13,Reference
10.1,,,blank5,AEmAA-AEmA,727.8141,727.8227,1453.6308,2,-.AEJAAAEJa.-,29.91,1.71e+4,,CTerm(GlcNAc(1)MurNAc_alditol(1)_nonreduced/478.1799),,,1607,,,3.13,Reference
10.2,,,blank2,AEmAA-AEmA,727.8231,727.8227,1453.6308,2,-.AEJAAAEJa.-,29.90,3.63e+4,,CTerm(GlcNAc(1)MurNAc_alditol(1)_nonreduced/478.1799),,,1731,,,3.13,Reference
10.3,,,blank4,AEmAA-AEmA,727.8163,727.8227,1453.6308,2,-.AEJAAAEJa.-,28.58,2.38e+4,,CTerm(GlcNAc(1)MurNAc_alditol(1)_nonreduced/478.1799),,,1937,,,3.13,Reference
10.4,,,blank1,AEmAA-AEmA,727.8169,727.8227,1453.6308,2,-.AEJAAAEJa.-,28.95,4.22e+4,,CTerm(GlcNAc(1)MurNAc_alditol(1)_nonreduced/478.1799),,,2154,,,3.13,Reference
10.5,,,blank3,AEmAA-AEmA,727.8267,727.8227,1453.6308,2,-.AEJAAAEJa.-,31.06,1.39e+4,,CTerm(GlcNAc(1)MurNAc_alditol(1)_nonreduced/478.1799),,,2408,,,3.13,Reference
10.6,,,sonic3,AEmAA-AEmA,727.8246,727.8227,1453.6308,2,-.AEJAAAEJa.-,29.00,5.61e+5,,CTerm(GlcNAc(1)MurNAc_alditol(1)_nonreduced/478.1799),,,2479,,,3.13,Reference
10.7,True-positive,,lys3,AEmAA-AEmA,727.8250 - 727.8255,727.8227,1453.6308,2,-.AEJAAAEJa.-,29.01,1.31e+7,,CTerm(GlcNAc(1)MurNAc_alditol(1)_nonreduced/478.1799),hcd,77.92 - 89.92,1248; 1243,,7210_TM_38.raw_20200620_nonereduced_typical_dimers,3.13,Reference
10.7.1,True-positive,,lys3,AEmAA-AEmA,727.8255,727.8227,1453.6308,2,-.AEJAAAEJa.-,29.01,1.31e+7,,CTerm(GlcNAc(1)MurNAc_alditol(1)_nonreduced/478.1799),hcd,77.92,1248,,7210_TM_38.raw_20200620_nonereduced_typical_dimers,3.13,Reference
10.7.2,True-positive,,lys3,AEmAA-AEmA,727.8250,727.8227,1453.6308,2,-.AEJAAAEJa.-,29.01,1.31e+7,,CTerm(GlcNAc(1)MurNAc_alditol(1)_nonreduced/478.1799),hcd,89.92,1243,,7210_TM_38.raw_20200620_nonereduced_typical_dimers,3.13,Reference
11,--,,blank5; blank2; blank4; blank1; blank3; sonic3; lys3,AEmKR-AEmA,532.9243 - 532.9338,532.9248,1595.7527,3,-.aEJKRAEJA.-,25.98 - 31.65,5.216e+3 - 5.093e+6,,NTerm(GlcNAc(1)MurNAc_alditol(1)_nonreduced/478.1799),--,51.83 - 63.69,1664; 1782; 1991; 2211; 2462; 2529; 1270; 1269,,7210_TM_38.raw_20200620_nonreduced_atypical_dimers,7.02,Reference
11.1,,,blank5,AEmKR-AEmA,532.9276,532.9248,1595.7527,3,-.aEJKRAEJA.-,31.65,1.24e+4,,NTerm(GlcNAc(1)MurNAc_alditol(1)_nonreduced/478.1799),,,1664,,,7.02,Reference
11.2,,,blank2,AEmKR-AEmA,532.9243,532.9248,1595.7527,3,-.aEJKRAEJA.-,30.17,1.44e+4,,NTerm(GlcNAc(1)MurNAc_alditol(1)_nonreduced/478.1799),,,1782,,,7.02,Reference
11.3,,,blank4,AEmKR-AEmA,532.9338,532.9248,1595.7527,3,-.aEJKRAEJA.-,28.98,7.23e+3,,NTerm(GlcNAc(1)MurNAc_alditol(1)_nonreduced/478.1799),,,1991,,,7.02,Reference
11.4,,,blank1,AEmKR-AEmA,532.9291,532.9248,1595.7527,3,-.aEJKRAEJA.-,30.92,9.13e+3,,NTerm(GlcNAc(1)MurNAc_alditol(1)_nonreduced/478.1799),,,2211,,,7.02,Reference
11.5,,,blank3,AEmKR-AEmA,532.9292,532.9248,1595.7527,3,-.aEJKRAEJA.-,29.71,5.22e+3,,NTerm(GlcNAc(1)MurNAc_alditol(1)_nonreduced/478.1799),,,2462,,,7.02,Reference
11.6,,,sonic3,AEmKR-AEmA,,532.9248,1595.7527,3,-.aEJKRAEJA.-,26.22,5.09e+6,,NTerm(GlcNAc(1)MurNAc_alditol(1)_nonreduced/478.1799),,,2529,,,7.02,Reference
11.7,True-positive,,lys3,AEmKR-AEmA,532.9267,532.9248,1595.7527,3,-.aEJKRAEJA.-,25.98,4.53e+6,,NTerm(GlcNAc(1)MurNAc_alditol(1)_nonreduced/478.1799),--,51.83 - 63.69,1270; 1269,,7210_TM_38.raw_20200620_nonreduced_atypical_dimers,7.02,Reference
11.7.1,True-positive,,lys3,AEmKR-AEmA,532.9267,532.9248,1595.7527,3,-.aEJKRAEJA.-,25.98,4.53e+6,,NTerm(GlcNAc(1)MurNAc_alditol(1)_nonreduced/478.1799),etd,63.69,1270,,7210_TM_38.raw_20200620_nonreduced_atypical_dimers,7.02,Reference
11.7.2,True-positive,,lys3,AEmKR-AEmA,532.9267,532.9248,1595.7527,3,-.aEJKRAEJA.-,25.98,4.53e+6,,NTerm(GlcNAc(1)MurNAc_alditol(1)_nonreduced/478.1799),ethcd,51.83,1269,,7210_TM_38.raw_20200620_nonreduced_atypical_dimers,7.02,Reference
12,,,blank5; blank2; blank4; blank1; blank3; sonic3; lys3,AEm-AEm,851.3541 - 851.3577,851.3517,1700.6888,2,-.aEJAEj.-,33.72 - 37.96,6.306e+4 - 3.791e+6,,NTerm(GlcNAc(1)anhMurNAc_alditol(1)/460.1693); CTerm(GlcNAc(1)MurNAc_alditol(1)_nonreduced/478.1799),,,1639; 1758; 1966; 2185; 2437; 2504; 2560,,,3.13,Reference
12.1,,,blank5,AEm-AEm,851.3544,851.3517,1700.6888,2,-.aEJAEj.-,37.96,1.25e+6,,NTerm(GlcNAc(1)anhMurNAc_alditol(1)/460.1693); CTerm(GlcNAc(1)MurNAc_alditol(1)_nonreduced/478.1799),,,1639,,,3.13,Reference
12.2,,,blank2,AEm-AEm,851.3541,851.3517,1700.6888,2,-.aEJAEj.-,37.64,6.2e+5,,NTerm(GlcNAc(1)anhMurNAc_alditol(1)/460.1693); CTerm(GlcNAc(1)MurNAc_alditol(1)_nonreduced/478.1799),,,1758,,,3.13,Reference
12.3,,,blank4,AEm-AEm,851.3553,851.3517,1700.6888,2,-.aEJAEj.-,35.05,7.81e+4,,NTerm(GlcNAc(1)anhMurNAc_alditol(1)/460.1693); CTerm(GlcNAc(1)MurNAc_alditol(1)_nonreduced/478.1799),,,1966,,,3.13,Reference
12.4,,,blank1,AEm-AEm,851.3563,851.3517,1700.6888,2,-.aEJAEj.-,34.06,6.31e+4,,NTerm(GlcNAc(1)anhMurNAc_alditol(1)/460.1693); CTerm(GlcNAc(1)MurNAc_alditol(1)_nonreduced/478.1799),,,2185,,,3.13,Reference
12.5,,,blank3,AEm-AEm,851.3577,851.3517,1700.6888,2,-.aEJAEj.-,34.06,6.57e+4,,NTerm(GlcNAc(1)anhMurNAc_alditol(1)/460.1693); CTerm(GlcNAc(1)MurNAc_alditol(1)_nonreduced/478.1799),,,2437,,,3.13,Reference
12.6,,,sonic3,AEm-AEm,851.3547,851.3517,1700.6888,2,-.aEJAEj.-,33.72,2.95e+6,,NTerm(GlcNAc(1)anhMurNAc_alditol(1)/460.1693); CTerm(GlcNAc(1)MurNAc_alditol(1)_nonreduced/478.1799),,,2504,,,3.13,Reference
12.7,,,lys3,AEm-AEm,851.3554,851.3517,1700.6888,2,-.aEJAEj.-,33.77,3.79e+6,,NTerm(GlcNAc(1)anhMurNAc_alditol(1)/460.1693); CTerm(GlcNAc(1)MurNAc_alditol(1)_nonreduced/478.1799),,,2560,,,3.13,Reference
13,,,blank5; blank2; blank4; blank1; blank3; sonic3; lys3,AEm-AEm,860.3571 - 860.3680,860.3570,1718.6994,2,-.aEJAEj.-,29.74 - 33.00,1.117e+6 - 3.787e+8,,NTerm(GlcNAc(1)MurNAc_alditol(1)_nonreduced/478.1799); CTerm(GlcNAc(1)MurNAc_alditol(1)_nonreduced/478.1799),,,1635; 1754; 1962; 2181; 2433; 2500; 2556,,,3.13,Reference
13.1,,,blank5,AEm-AEm,860.3597,860.3570,1718.6994,2,-.aEJAEj.-,33.00,3.05e+7,,NTerm(GlcNAc(1)MurNAc_alditol(1)_nonreduced/478.1799); CTerm(GlcNAc(1)MurNAc_alditol(1)_nonreduced/478.1799),,,1635,,,3.13,Reference
13.2,,,blank2,AEm-AEm,860.3600,860.3570,1718.6994,2,-.aEJAEj.-,32.07,6.68e+6,,NTerm(GlcNAc(1)MurNAc_alditol(1)_nonreduced/478.1799); CTerm(GlcNAc(1)MurNAc_alditol(1)_nonreduced/478.1799),,,1754,,,3.13,Reference
13.3,,,blank4,AEm-AEm,860.3604,860.3570,1718.6994,2,-.aEJAEj.-,30.39,1.59e+6,,NTerm(GlcNAc(1)MurNAc_alditol(1)_nonreduced/478.1799); CTerm(GlcNAc(1)MurNAc_alditol(1)_nonreduced/478.1799),,,1962,,,3.13,Reference
13.4,,,blank1,AEm-AEm,860.3596,860.3570,1718.6994,2,-.aEJAEj.-,30.97,1.12e+6,,NTerm(GlcNAc(1)MurNAc_alditol(1)_nonreduced/478.1799); CTerm(GlcNAc(1)MurNAc_alditol(1)_nonreduced/478.1799),,,2181,,,3.13,Reference
13.5,,,blank3,AEm-AEm,860.3571,860.3570,1718.6994,2,-.aEJAEj.-,29.74,2.66e+6,,NTerm(GlcNAc(1)MurNAc_alditol(1)_nonreduced/478.1799); CTerm(GlcNAc(1)MurNAc_alditol(1)_nonreduced/478.1799),,,2433,,,3.13,Reference
13.6,,,sonic3,AEm-AEm,860.3635,860.3570,1718.6994,2,-.aEJAEj.-,30.40,1.69e+8,,NTerm(GlcNAc(1)MurNAc_alditol(1)_nonreduced/478.1799); CTerm(GlcNAc(1)MurNAc_alditol(1)_nonreduced/478.1799),,,2500,,,3.13,Reference
13.7,,,lys3,AEm-AEm,860.3680,860.3570,1718.6994,2,-.aEJAEj.-,30.44,3.79e+8,,NTerm(GlcNAc(1)MurNAc_alditol(1)_nonreduced/478.1799); CTerm(GlcNAc(1)MurNAc_alditol(1)_nonreduced/478.1799),,,2556,,,3.13,Reference
14,,,blank5; blank2; blank4; blank1; blank3; sonic3; lys3,AEmA-AEm_AEm-AEmA,886.8632 - 886.8725,886.8702,1771.7259,2,-.aEJAAEj.-,36.84 - 40.30,3.614e+4 - 1.521e+7,,NTerm(GlcNAc(1)MurNAc_alditol(1)_nonreduced/478.1799); CTerm(GlcNAc(1)anhMurNAc_alditol(1)/460.1693),,,1614; 1738; 1944; 2161; 2415; 2482; 2543,,,3.13,Reference
14.1,,,blank5,AEmA-AEm_AEm-AEmA,886.8716,886.8702,1771.7259,2,-.aEJAAEj.-,39.83,3.7e+5,,NTerm(GlcNAc(1)MurNAc_alditol(1)_nonreduced/478.1799); CTerm(GlcNAc(1)anhMurNAc_alditol(1)/460.1693),,,1614,,,3.13,Reference
14.2,,,blank2,AEmA-AEm_AEm-AEmA,886.8720,886.8702,1771.7259,2,-.aEJAAEj.-,36.84,5.47e+4,,NTerm(GlcNAc(1)MurNAc_alditol(1)_nonreduced/478.1799); CTerm(GlcNAc(1)anhMurNAc_alditol(1)/460.1693),,,1738,,,3.13,Reference
14.3,,,blank4,AEmA-AEm_AEm-AEmA,886.8725,886.8702,1771.7259,2,-.aEJAAEj.-,39.31,6.9e+4,,NTerm(GlcNAc(1)MurNAc_alditol(1)_nonreduced/478.1799); CTerm(GlcNAc(1)anhMurNAc_alditol(1)/460.1693),,,1944,,,3.13,Reference
14.4,,,blank1,AEmA-AEm_AEm-AEmA,886.8632,886.8702,1771.7259,2,-.aEJAAEj.-,38.21,9.49e+4,,NTerm(GlcNAc(1)MurNAc_alditol(1)_nonreduced/478.1799); CTerm(GlcNAc(1)anhMurNAc_alditol(1)/460.1693),,,2161,,,3.13,Reference
14.5,,,blank3,AEmA-AEm_AEm-AEmA,886.8724,886.8702,1771.7259,2,-.aEJAAEj.-,39.20,3.61e+4,,NTerm(GlcNAc(1)MurNAc_alditol(1)_nonreduced/478.1799); CTerm(GlcNAc(1)anhMurNAc_alditol(1)/460.1693),,,2415,,,3.13,Reference
14.6,,,sonic3,AEmA-AEm_AEm-AEmA,886.8723,886.8702,1771.7259,2,-.aEJAAEj.-,40.30,1.52e+7,,NTerm(GlcNAc(1)MurNAc_alditol(1)_nonreduced/478.1799); CTerm(GlcNAc(1)anhMurNAc_alditol(1)/460.1693),,,2482,,,3.13,Reference
14.7,,,lys3,AEmA-AEm_AEm-AEmA,886.8716,886.8702,1771.7259,2,-.aEJAAEj.-,40.27,1.1e+7,,NTerm(GlcNAc(1)MurNAc_alditol(1)_nonreduced/478.1799); CTerm(GlcNAc(1)anhMurNAc_alditol(1)/460.1693),,,2543,,,3.13,Reference
15,--,,blank5; blank2; blank4; blank1; blank3; sonic3; lys3,AEmA-AEm_AEm-AEmA,895.8596 - 895.8793,895.8755,1789.7365,2,-.aEJAAEj.-,31.97 - 36.09,7.104e+4 - 9.480e+7,,NTerm(GlcNAc(1)MurNAc_alditol(1)_nonreduced/478.1799); CTerm(GlcNAc(1)MurNAc_alditol(1)_nonreduced/478.1799),--,10.45 - 72.37,1612; 1736; 1942; 2159; 2413; 1170; 1169; 1250; 1247; 1253,,7210_TM_35.raw_20200620_nonereduced_typical_dimers; 7210_TM_38.raw_20200620_nonereduced_typical_dimers,3.13,Reference
15.1,,,blank5,AEmA-AEm_AEm-AEmA,895.8776,895.8755,1789.7365,2,-.aEJAAEj.-,34.63,1.25e+6,,NTerm(GlcNAc(1)MurNAc_alditol(1)_nonreduced/478.1799); CTerm(GlcNAc(1)MurNAc_alditol(1)_nonreduced/478.1799),,,1612,,,3.13,Reference
15.2,,,blank2,AEmA-AEm_AEm-AEmA,895.8774,895.8755,1789.7365,2,-.aEJAAEj.-,35.38,7.74e+4,,NTerm(GlcNAc(1)MurNAc_alditol(1)_nonreduced/478.1799); CTerm(GlcNAc(1)MurNAc_alditol(1)_nonreduced/478.1799),,,1736,,,3.13,Reference
15.3,,,blank4,AEmA-AEm_AEm-AEmA,895.8791,895.8755,1789.7365,2,-.aEJAAEj.-,36.09,3.8e+5,,NTerm(GlcNAc(1)MurNAc_alditol(1)_nonreduced/478.1799); CTerm(GlcNAc(1)MurNAc_alditol(1)_nonreduced/478.1799),,,1942,,,3.13,Reference
15.4,,,blank1,AEmA-AEm_AEm-AEmA,895.8596,895.8755,1789.7365,2,-.aEJAAEj.-,35.11,9.72e+4,,NTerm(GlcNAc(1)MurNAc_alditol(1)_nonreduced/478.1799); CTerm(GlcNAc(1)MurNAc_alditol(1)_nonreduced/478.1799),,,2159,,,3.13,Reference
15.5,,,blank3,AEmA-AEm_AEm-AEmA,895.8735,895.8755,1789.7365,2,-.aEJAAEj.-,33.00,7.1e+4,,NTerm(GlcNAc(1)MurNAc_alditol(1)_nonreduced/478.1799); CTerm(GlcNAc(1)MurNAc_alditol(1)_nonreduced/478.1799),,,2413,,,3.13,Reference
15.6,True-positive,,sonic3,AEmA-AEm_AEm-AEmA,895.8788 - 895.8792,895.8755,1789.7365,2,-.aEJAAEj.-,32.11,9.48e+7,,NTerm(GlcNAc(1)MurNAc_alditol(1)_nonreduced/478.1799); CTerm(GlcNAc(1)MurNAc_alditol(1)_nonreduced/478.1799),hcd,10.45 - 59.82,1170; 1169,,7210_TM_35.raw_20200620_nonereduced_typical_dimers,3.13,Reference
15.6.1,True-positive,,sonic3,AEmA-AEm_AEm-AEmA,895.8788,895.8755,1789.7365,2,-.aEJAAEj.-,32.11,9.48e+7,,NTerm(GlcNAc(1)MurNAc_alditol(1)_nonreduced/478.1799); CTerm(GlcNAc(1)MurNAc_alditol(1)_nonreduced/478.1799),hcd,10.45,1170,,7210_TM_35.raw_20200620_nonereduced_typical_dimers,3.13,Reference
15.6.2,True-positive,,sonic3,AEmA-AEm_AEm-AEmA,895.8792,895.8755,1789.7365,2,-.aEJAAEj.-,32.11,9.48e+7,,NTerm(GlcNAc(1)MurNAc_alditol(1)_nonreduced/478.1799); CTerm(GlcNAc(1)MurNAc_alditol(1)_nonreduced/478.1799),hcd,59.82,1169,,7210_TM_35.raw_20200620_nonereduced_typical_dimers,3.13,Reference
15.7,True-positive,,lys3,AEmA-AEm_AEm-AEmA,895.8786 - 895.8793,895.8755,1789.7365,2,-.aEJAAEj.-,31.97,8.96e+7,,NTerm(GlcNAc(1)MurNAc_alditol(1)_nonreduced/478.1799); CTerm(GlcNAc(1)MurNAc_alditol(1)_nonreduced/478.1799),hcd,24.83 - 72.37,1250; 1247; 1253,,7210_TM_38.raw_20200620_nonereduced_typical_dimers,3.13,Reference
15.7.1,True-positive,,lys3,AEmA-AEm_AEm-AEmA,895.8786,895.8755,1789.7365,2,-.aEJAAEj.-,31.97,8.96e+7,,NTerm(GlcNAc(1)MurNAc_alditol(1)_nonreduced/478.1799); CTerm(GlcNAc(1)MurNAc_alditol(1)_nonreduced/478.1799),hcd,24.83,1250,,7210_TM_38.raw_20200620_nonereduced_typical_dimers,3.13,Reference
15.7.2,True-positive,,lys3,AEmA-AEm_AEm-AEmA,895.8790,895.8755,1789.7365,2,-.aEJAAEj.-,31.97,8.96e+7,,NTerm(GlcNAc(1)MurNAc_alditol(1)_nonreduced/478.1799); CTerm(GlcNAc(1)MurNAc_alditol(1)_nonreduced/478.1799),hcd,72.37,1247,,7210_TM_38.raw_20200620_nonereduced_typical_dimers,3.13,Reference
15.7.3,True-positive,,lys3,AEmA-AEm_AEm-AEmA,895.8793,895.8755,1789.7365,2,-.aEJAAEj.-,31.97,8.96e+7,,NTerm(GlcNAc(1)MurNAc_alditol(1)_nonreduced/478.1799); CTerm(GlcNAc(1)MurNAc_alditol(1)_nonreduced/478.1799),hcd,36.17,1253,,7210_TM_38.raw_20200620_nonereduced_typical_dimers,3.13,Reference
16,,,blank5; blank2; blank4; blank1; blank3; sonic3; lys3,AEmAG-AEm_AEmQ-AEm,915.3352 - 915.3352,915.3810,1828.7474,2,-.aEJAGAEj.-,34.22 - 36.85,3.098e+4 - 1.789e+5,,NTerm(GlcNAc(1)MurNAc_alditol(1)_nonreduced/478.1799); CTerm(GlcNAc(1)anhMurNAc_alditol(1)/460.1693),,,1642; 1761; 1969; 2188; 2440; 2507; 2561,,,3.13,Reference
16.1,,,blank5,AEmAG-AEm_AEmQ-AEm,,915.3810,1828.7474,2,-.aEJAGAEj.-,36.22,5.26e+4,,NTerm(GlcNAc(1)MurNAc_alditol(1)_nonreduced/478.1799); CTerm(GlcNAc(1)anhMurNAc_alditol(1)/460.1693),,,1642,,,3.13,Reference
16.2,,,blank2,AEmAG-AEm_AEmQ-AEm,915.3352,915.3810,1828.7474,2,-.aEJAGAEj.-,35.80,3.1e+4,,NTerm(GlcNAc(1)MurNAc_alditol(1)_nonreduced/478.1799); CTerm(GlcNAc(1)anhMurNAc_alditol(1)/460.1693),,,1761,,,3.13,Reference
16.3,,,blank4,AEmAG-AEm_AEmQ-AEm,,915.3810,1828.7474,2,-.aEJAGAEj.-,34.69,4.5e+4,,NTerm(GlcNAc(1)MurNAc_alditol(1)_nonreduced/478.1799); CTerm(GlcNAc(1)anhMurNAc_alditol(1)/460.1693),,,1969,,,3.13,Reference
16.4,,,blank1,AEmAG-AEm_AEmQ-AEm,,915.3810,1828.7474,2,-.aEJAGAEj.-,36.85,7.89e+4,,NTerm(GlcNAc(1)MurNAc_alditol(1)_nonreduced/478.1799); CTerm(GlcNAc(1)anhMurNAc_alditol(1)/460.1693),,,2188,,,3.13,Reference
16.5,,,blank3,AEmAG-AEm_AEmQ-AEm,,915.3810,1828.7474,2,-.aEJAGAEj.-,34.22,3.37e+4,,NTerm(GlcNAc(1)MurNAc_alditol(1)_nonreduced/478.1799); CTerm(GlcNAc(1)anhMurNAc_alditol(1)/460.1693),,,2440,,,3.13,Reference
16.6,,,sonic3,AEmAG-AEm_AEmQ-AEm,,915.3810,1828.7474,2,-.aEJAGAEj.-,35.94,1.79e+5,,NTerm(GlcNAc(1)MurNAc_alditol(1)_nonreduced/478.1799); CTerm(GlcNAc(1)anhMurNAc_alditol(1)/460.1693),,,2507,,,3.13,Reference
16.7,,,lys3,AEmAG-AEm_AEmQ-AEm,,915.3810,1828.7474,2,-.aEJAGAEj.-,35.33,1.28e+5,,NTerm(GlcNAc(1)MurNAc_alditol(1)_nonreduced/478.1799); CTerm(GlcNAc(1)anhMurNAc_alditol(1)/460.1693),,,2561,,,3.13,Reference
17,,,blank5; blank2; blank4; blank1; blank3; sonic3; lys3,AEmA-AEmA_AEmAA-AEm,922.3915 - 922.3928,922.3888,1842.7630,2,-.aEJAAEJa.-,34.83 - 41.20,3.122e+5 - 5.433e+7,,NTerm(GlcNAc(1)MurNAc_alditol(1)_nonreduced/478.1799); CTerm(GlcNAc(1)anhMurNAc_alditol(1)/460.1693),,,1622; 1745; 1952; 2169; 2423; 2489; 2547,,,3.13,Reference
17.1,,,blank5,AEmA-AEmA_AEmAA-AEm,922.3917,922.3888,1842.7630,2,-.aEJAAEJa.-,38.07,4.03e+6,,NTerm(GlcNAc(1)MurNAc_alditol(1)_nonreduced/478.1799); CTerm(GlcNAc(1)anhMurNAc_alditol(1)/460.1693),,,1622,,,3.13,Reference
17.2,,,blank2,AEmA-AEmA_AEmAA-AEm,922.3918,922.3888,1842.7630,2,-.aEJAAEJa.-,37.40,1.49e+6,,NTerm(GlcNAc(1)MurNAc_alditol(1)_nonreduced/478.1799); CTerm(GlcNAc(1)anhMurNAc_alditol(1)/460.1693),,,1745,,,3.13,Reference
17.3,,,blank4,AEmA-AEmA_AEmAA-AEm,922.3928,922.3888,1842.7630,2,-.aEJAAEJa.-,40.71,6.56e+5,,NTerm(GlcNAc(1)MurNAc_alditol(1)_nonreduced/478.1799); CTerm(GlcNAc(1)anhMurNAc_alditol(1)/460.1693),,,1952,,,3.13,Reference
17.4,,,blank1,AEmA-AEmA_AEmAA-AEm,,922.3888,1842.7630,2,-.aEJAAEJa.-,34.83,3.12e+5,,NTerm(GlcNAc(1)MurNAc_alditol(1)_nonreduced/478.1799); CTerm(GlcNAc(1)anhMurNAc_alditol(1)/460.1693),,,2169,,,3.13,Reference
17.5,,,blank3,AEmA-AEmA_AEmAA-AEm,922.3915,922.3888,1842.7630,2,-.aEJAAEJa.-,35.37,4.35e+5,,NTerm(GlcNAc(1)MurNAc_alditol(1)_nonreduced/478.1799); CTerm(GlcNAc(1)anhMurNAc_alditol(1)/460.1693),,,2423,,,3.13,Reference
17.6,,,sonic3,AEmA-AEmA_AEmAA-AEm,922.3924,922.3888,1842.7630,2,-.aEJAAEJa.-,41.20,5.43e+7,,NTerm(GlcNAc(1)MurNAc_alditol(1)_nonreduced/478.1799); CTerm(GlcNAc(1)anhMurNAc_alditol(1)/460.1693),,,2489,,,3.13,Reference
17.7,,,lys3,AEmA-AEmA_AEmAA-AEm,922.3923,922.3888,1842.7630,2,-.aEJAAEJa.-,41.04,4.95e+7,,NTerm(GlcNAc(1)MurNAc_alditol(1)_nonreduced/478.1799); CTerm(GlcNAc(1)anhMurNAc_alditol(1)/460.1693),,,2547,,,3.13,Reference
18,--,,blank5; blank2; blank4; blank1; blank3; sonic3; lys3,AEmAG-AEm_AEmQ-AEm,924.3405 - 924.3894,924.3863,1846.7580,2,-.aEJAGAEj.-,31.56 - 34.28,1.829e+4 - 8.650e+6,,NTerm(GlcNAc(1)MurNAc_alditol(1)_nonreduced/478.1799); CTerm(GlcNAc(1)MurNAc_alditol(1)_nonreduced/478.1799),--,63.49 - 63.49,1641; 1760; 1968; 2187; 2439; 2506; 1271,,7210_TM_38.raw_20200620_nonreduced_atypical_dimers,3.13,Reference
18.1,,,blank5,AEmAG-AEm_AEmQ-AEm,,924.3863,1846.7580,2,-.aEJAGAEj.-,34.09,1.83e+4,,NTerm(GlcNAc(1)MurNAc_alditol(1)_nonreduced/478.1799); CTerm(GlcNAc(1)MurNAc_alditol(1)_nonreduced/478.1799),,,1641,,,3.13,Reference
18.2,,,blank2,AEmAG-AEm_AEmQ-AEm,,924.3863,1846.7580,2,-.aEJAGAEj.-,33.91,3.02e+4,,NTerm(GlcNAc(1)MurNAc_alditol(1)_nonreduced/478.1799); CTerm(GlcNAc(1)MurNAc_alditol(1)_nonreduced/478.1799),,,1760,,,3.13,Reference
18.3,,,blank4,AEmAG-AEm_AEmQ-AEm,924.3405,924.3863,1846.7580,2,-.aEJAGAEj.-,33.90,4.96e+4,,NTerm(GlcNAc(1)MurNAc_alditol(1)_nonreduced/478.1799); CTerm(GlcNAc(1)MurNAc_alditol(1)_nonreduced/478.1799),,,1968,,,3.13,Reference
18.4,,,blank1,AEmAG-AEm_AEmQ-AEm,,924.3863,1846.7580,2,-.aEJAGAEj.-,33.70,3.11e+4,,NTerm(GlcNAc(1)MurNAc_alditol(1)_nonreduced/478.1799); CTerm(GlcNAc(1)MurNAc_alditol(1)_nonreduced/478.1799),,,2187,,,3.13,Reference
18.5,,,blank3,AEmAG-AEm_AEmQ-AEm,,924.3863,1846.7580,2,-.aEJAGAEj.-,34.28,3.14e+4,,NTerm(GlcNAc(1)MurNAc_alditol(1)_nonreduced/478.1799); CTerm(GlcNAc(1)MurNAc_alditol(1)_nonreduced/478.1799),,,2439,,,3.13,Reference
18.6,,,sonic3,AEmAG-AEm_AEmQ-AEm,924.3887,924.3863,1846.7580,2,-.aEJAGAEj.-,31.86,2.46e+6,,NTerm(GlcNAc(1)MurNAc_alditol(1)_nonreduced/478.1799); CTerm(GlcNAc(1)MurNAc_alditol(1)_nonreduced/478.1799),,,2506,,,3.13,Reference
18.7,True-positive,,lys3,AEmAG-AEm_AEmQ-AEm,924.3894,924.3863,1846.7580,2,-.aEJAGAEj.-,31.56,8.65e+6,,NTerm(GlcNAc(1)MurNAc_alditol(1)_nonreduced/478.1799); CTerm(GlcNAc(1)MurNAc_alditol(1)_nonreduced/478.1799),hcd,63.49,1271,,7210_TM_38.raw_20200620_nonreduced_atypical_dimers,3.13,Reference
19,--,,blank5; blank2; blank4; blank1; blank3; sonic3; lys3,AEmA-AEmA_AEmAA-AEm,931.3497 - 931.3983,931.3941,1860.7736,2,-.aEJAAEJa.-,33.72 - 39.14,4.909e+5 - 7.934e+8,,NTerm(GlcNAc(1)MurNAc_alditol(1)_nonreduced/478.1799); CTerm(GlcNAc(1)MurNAc_alditol(1)_nonreduced/478.1799),--,3.72 - 156.55,1620; 1743; 1950; 2167; 2421; 1173; 1172; 1256; 1249; 1251; 1252; 1254; 1255; 1257; 1258; 1261; 1263; 1264; 1265,,7210_TM_35.raw_20200620_nonereduced_typical_dimers; 7210_TM_38.raw_20200620_nonereduced_typical_dimers,3.13,Reference
19.1,,,blank5,AEmA-AEmA_AEmAA-AEm,931.3972,931.3941,1860.7736,2,-.aEJAAEJa.-,39.14,9.1e+5,,NTerm(GlcNAc(1)MurNAc_alditol(1)_nonreduced/478.1799); CTerm(GlcNAc(1)MurNAc_alditol(1)_nonreduced/478.1799),,,1620,,,3.13,Reference
19.2,,,blank2,AEmA-AEmA_AEmAA-AEm,931.3976,931.3941,1860.7736,2,-.aEJAAEJa.-,38.48,6.4e+5,,NTerm(GlcNAc(1)MurNAc_alditol(1)_nonreduced/478.1799); CTerm(GlcNAc(1)MurNAc_alditol(1)_nonreduced/478.1799),,,1743,,,3.13,Reference
19.3,,,blank4,AEmA-AEmA_AEmAA-AEm,,931.3941,1860.7736,2,-.aEJAAEJa.-,36.91,2.98e+6,,NTerm(GlcNAc(1)MurNAc_alditol(1)_nonreduced/478.1799); CTerm(GlcNAc(1)MurNAc_alditol(1)_nonreduced/478.1799),,,1950,,,3.13,Reference
19.4,,,blank1,AEmA-AEmA_AEmAA-AEm,931.3497,931.3941,1860.7736,2,-.aEJAAEJa.-,36.02,4.91e+5,,NTerm(GlcNAc(1)MurNAc_alditol(1)_nonreduced/478.1799); CTerm(GlcNAc(1)MurNAc_alditol(1)_nonreduced/478.1799),,,2167,,,3.13,Reference
19.5,,,blank3,AEmA-AEmA_AEmAA-AEm,931.3960,931.3941,1860.7736,2,-.aEJAAEJa.-,36.25,4.95e+5,,NTerm(GlcNAc(1)MurNAc_alditol(1)_nonreduced/478.1799); CTerm(GlcNAc(1)MurNAc_alditol(1)_nonreduced/478.1799),,,2421,,,3.13,Reference
19.6,True-positive,,sonic3,AEmA-AEmA_AEmAA-AEm,931.3973 - 931.3975,931.3941,1860.7736,2,-.aEJAAEJa.-,33.78,7.93e+8,,NTerm(GlcNAc(1)MurNAc_alditol(1)_nonreduced/478.1799); CTerm(GlcNAc(1)MurNAc_alditol(1)_nonreduced/478.1799),hcd,25.71 - 32.99,1173; 1172,,7210_TM_35.raw_20200620_nonereduced_typical_dimers,3.13,Reference
19.6.1,True-positive,,sonic3,AEmA-AEmA_AEmAA-AEm,931.3975,931.3941,1860.7736,2,-.aEJAAEJa.-,33.78,7.93e+8,,NTerm(GlcNAc(1)MurNAc_alditol(1)_nonreduced/478.1799); CTerm(GlcNAc(1)MurNAc_alditol(1)_nonreduced/478.1799),hcd,25.71,1173,,7210_TM_35.raw_20200620_nonereduced_typical_dimers,3.13,Reference
19.6.2,True-positive,,sonic3,AEmA-AEmA_AEmAA-AEm,931.3973,931.3941,1860.7736,2,-.aEJAAEJa.-,33.78,7.93e+8,,NTerm(GlcNAc(1)MurNAc_alditol(1)_nonreduced/478.1799); CTerm(GlcNAc(1)MurNAc_alditol(1)_nonreduced/478.1799),hcd,32.99,1172,,7210_TM_35.raw_20200620_nonereduced_typical_dimers,3.13,Reference
19.7,True-positive,,lys3,AEmA-AEmA_AEmAA-AEm,931.3969 - 931.3983,931.3941,1860.7736,2,-.aEJAAEJa.-,33.72,7.62e+8,,NTerm(GlcNAc(1)MurNAc_alditol(1)_nonreduced/478.1799); CTerm(GlcNAc(1)MurNAc_alditol(1)_nonreduced/478.1799),--,3.72 - 156.55,1256; 1249; 1251; 1252; 1254; 1255; 1257; 1258; 1261; 1263; 1264; 1265,,7210_TM_38.raw_20200620_nonereduced_typical_dimers,3.13,Reference
19.7.1,True-positive,,lys3,AEmA-AEmA_AEmAA-AEm,931.3978,931.3941,1860.7736,2,-.aEJAAEJa.-,33.72,7.62e+8,,NTerm(GlcNAc(1)MurNAc_alditol(1)_nonreduced/478.1799); CTerm(GlcNAc(1)MurNAc_alditol(1)_nonreduced/478.1799),hcd,156.55,1256,,7210_TM_38.raw_20200620_nonereduced_typical_dimers,3.13,Reference
19.7.2,True-positive,,lys3,AEmA-AEmA_AEmAA-AEm,931.3972,931.3941,1860.7736,2,-.aEJAAEJa.-,33.72,7.62e+8,,NTerm(GlcNAc(1)MurNAc_alditol(1)_nonreduced/478.1799); CTerm(GlcNAc(1)MurNAc_alditol(1)_nonreduced/478.1799),hcd,62.72,1249,,7210_TM_38.raw_20200620_nonereduced_typical_dimers,3.13,Reference
19.7.3,True-positive,,lys3,AEmA-AEmA_AEmAA-AEm,931.3972,931.3941,1860.7736,2,-.aEJAAEJa.-,33.72,7.62e+8,,NTerm(GlcNAc(1)MurNAc_alditol(1)_nonreduced/478.1799); CTerm(GlcNAc(1)MurNAc_alditol(1)_nonreduced/478.1799),ethcd,11.82,1251,,7210_TM_38.raw_20200620_nonereduced_typical_dimers,3.13,Reference
19.7.4,True-positive,,lys3,AEmA-AEmA_AEmAA-AEm,931.3972,931.3941,1860.7736,2,-.aEJAAEJa.-,33.72,7.62e+8,,NTerm(GlcNAc(1)MurNAc_alditol(1)_nonreduced/478.1799); CTerm(GlcNAc(1)MurNAc_alditol(1)_nonreduced/478.1799),hcd,134.88,1252,,7210_TM_38.raw_20200620_nonereduced_typical_dimers,3.13,Reference
19.7.5,True-positive,,lys3,AEmA-AEmA_AEmAA-AEm,931.3979,931.3941,1860.7736,2,-.aEJAAEJa.-,33.72,7.62e+8,,NTerm(GlcNAc(1)MurNAc_alditol(1)_nonreduced/478.1799); CTerm(GlcNAc(1)MurNAc_alditol(1)_nonreduced/478.1799),hcd,127.88,1254,,7210_TM_38.raw_20200620_nonereduced_typical_dimers,3.13,Reference
19.7.6,True-positive,,lys3,AEmA-AEmA_AEmAA-AEm,931.3976,931.3941,1860.7736,2,-.aEJAAEJa.-,33.72,7.62e+8,,NTerm(GlcNAc(1)MurNAc_alditol(1)_nonreduced/478.1799); CTerm(GlcNAc(1)MurNAc_alditol(1)_nonreduced/478.1799),hcd,141.91,1255,,7210_TM_38.raw_20200620_nonereduced_typical_dimers,3.13,Reference
19.7.7,True-positive,,lys3,AEmA-AEmA_AEmAA-AEm,931.3979,931.3941,1860.7736,2,-.aEJAAEJa.-,33.72,7.62e+8,,NTerm(GlcNAc(1)MurNAc_alditol(1)_nonreduced/478.1799); CTerm(GlcNAc(1)MurNAc_alditol(1)_nonreduced/478.1799),hcd,33.04,1257,,7210_TM_38.raw_20200620_nonereduced_typical_dimers,3.13,Reference
19.7.8,True-positive,,lys3,AEmA-AEmA_AEmAA-AEm,931.3983,931.3941,1860.7736,2,-.aEJAAEJa.-,33.72,7.62e+8,,NTerm(GlcNAc(1)MurNAc_alditol(1)_nonreduced/478.1799); CTerm(GlcNAc(1)MurNAc_alditol(1)_nonreduced/478.1799),hcd,49.85,1258,,7210_TM_38.raw_20200620_nonereduced_typical_dimers,3.13,Reference
19.7.9,True-positive,,lys3,AEmA-AEmA_AEmAA-AEm,931.3976,931.3941,1860.7736,2,-.aEJAAEJa.-,33.72,7.62e+8,,NTerm(GlcNAc(1)MurNAc_alditol(1)_nonreduced/478.1799); CTerm(GlcNAc(1)MurNAc_alditol(1)_nonreduced/478.1799),hcd,57.01,1261,,7210_TM_38.raw_20200620_nonereduced_typical_dimers,3.13,Reference
19.7.10,True-positive,,lys3,AEmA-AEmA_AEmAA-AEm,931.3976,931.3941,1860.7736,2,-.aEJAAEJa.-,33.72,7.62e+8,,NTerm(GlcNAc(1)MurNAc_alditol(1)_nonreduced/478.1799); CTerm(GlcNAc(1)MurNAc_alditol(1)_nonreduced/478.1799),hcd,3.72,1263,,7210_TM_38.raw_20200620_nonereduced_typical_dimers,3.13,Reference
19.7.11,True-positive,,lys3,AEmA-AEmA_AEmAA-AEm,931.3977,931.3941,1860.7736,2,-.aEJAAEJa.-,33.72,7.62e+8,,NTerm(GlcNAc(1)MurNAc_alditol(1)_nonreduced/478.1799); CTerm(GlcNAc(1)MurNAc_alditol(1)_nonreduced/478.1799),hcd,17.38,1264,,7210_TM_38.raw_20200620_nonereduced_typical_dimers,3.13,Reference
19.7.12,True-positive,,lys3,AEmA-AEmA_AEmAA-AEm,931.3969,931.3941,1860.7736,2,-.aEJAAEJa.-,33.72,7.62e+8,,NTerm(GlcNAc(1)MurNAc_alditol(1)_nonreduced/478.1799); CTerm(GlcNAc(1)MurNAc_alditol(1)_nonreduced/478.1799),hcd,8.35,1265,,7210_TM_38.raw_20200620_nonereduced_typical_dimers,3.13,Reference
20,,,blank5; blank2; blank4; blank1; blank3; sonic3; lys3,AEmF-AEm,933.9126 - 933.9126,933.8912,1865.7678,2,-.aEJFAEj.-,44.04 - 46.21,0.000e+0 - 1.180e+5,,NTerm(GlcNAc(1)MurNAc_alditol(1)_nonreduced/478.1799); CTerm(GlcNAc(1)MurNAc_alditol(1)_nonreduced/478.1799),,,1648; 1766; 1975; 2195; 2446; 2514; 2567,,,3.13,Reference
20.1,,,blank5,AEmF-AEm,,933.8912,1865.7678,2,-.aEJFAEj.-,44.26,3.21e+4,,NTerm(GlcNAc(1)MurNAc_alditol(1)_nonreduced/478.1799); CTerm(GlcNAc(1)MurNAc_alditol(1)_nonreduced/478.1799),,,1648,,,3.13,Reference
20.2,,,blank2,AEmF-AEm,933.9126,933.8912,1865.7678,2,-.aEJFAEj.-,44.09,8.57e+3,,NTerm(GlcNAc(1)MurNAc_alditol(1)_nonreduced/478.1799); CTerm(GlcNAc(1)MurNAc_alditol(1)_nonreduced/478.1799),,,1766,,,3.13,Reference
20.3,,,blank4,AEmF-AEm,,933.8912,1865.7678,2,-.aEJFAEj.-,46.21,1.18e+5,,NTerm(GlcNAc(1)MurNAc_alditol(1)_nonreduced/478.1799); CTerm(GlcNAc(1)MurNAc_alditol(1)_nonreduced/478.1799),,,1975,,,3.13,Reference
20.4,,,blank1,AEmF-AEm,,933.8912,1865.7678,2,-.aEJFAEj.-,44.10,1.93e+4,,NTerm(GlcNAc(1)MurNAc_alditol(1)_nonreduced/478.1799); CTerm(GlcNAc(1)MurNAc_alditol(1)_nonreduced/478.1799),,,2195,,,3.13,Reference
20.5,,,blank3,AEmF-AEm,,933.8912,1865.7678,2,-.aEJFAEj.-,44.04,0,,NTerm(GlcNAc(1)MurNAc_alditol(1)_nonreduced/478.1799); CTerm(GlcNAc(1)MurNAc_alditol(1)_nonreduced/478.1799),,,2446,,,3.13,Reference
20.6,,,sonic3,AEmF-AEm,,933.8912,1865.7678,2,-.aEJFAEj.-,46.16,6.64e+4,,NTerm(GlcNAc(1)MurNAc_alditol(1)_nonreduced/478.1799); CTerm(GlcNAc(1)MurNAc_alditol(1)_nonreduced/478.1799),,,2514,,,3.13,Reference
20.7,,,lys3,AEmF-AEm,,933.8912,1865.7678,2,-.aEJFAEj.-,45.45,1.06e+5,,NTerm(GlcNAc(1)MurNAc_alditol(1)_nonreduced/478.1799); CTerm(GlcNAc(1)MurNAc_alditol(1)_nonreduced/478.1799),,,2567,,,3.13,Reference
21,--,,blank5; blank2; blank4; blank1; blank3; sonic3; lys3,AEmAA-AEmA-AEmA,633.2734 - 633.2877,633.2848,1896.8324,3,-.aEJAAAEJAAEJA.-,30.11 - 30.44,0.000e+0 - 1.790e+6,,NTerm(GlcNAc(1)MurNAc_alditol(1)_nonreduced/478.1799),--,6.95 - 80.40,1610; 1734; 1940; 2157; 2411; 2480; 1351; 1350,,7210_TM_38.raw_20200620_nonreduced_typical_trimers,3.03,Reference
21.1,,,blank5,AEmAA-AEmA-AEmA,633.2753,633.2848,1896.8324,3,-.aEJAAAEJAAEJA.-,30.44,1.25e+3,,NTerm(GlcNAc(1)MurNAc_alditol(1)_nonreduced/478.1799),,,1610,,,3.03,Reference
21.2,,,blank2,AEmAA-AEmA-AEmA,,633.2848,1896.8324,3,-.aEJAAAEJAAEJA.-,30.44,0,,NTerm(GlcNAc(1)MurNAc_alditol(1)_nonreduced/478.1799),,,1734,,,3.03,Reference
21.3,,,blank4,AEmAA-AEmA-AEmA,633.2753,633.2848,1896.8324,3,-.aEJAAAEJAAEJA.-,30.44,1.58e+3,,NTerm(GlcNAc(1)MurNAc_alditol(1)_nonreduced/478.1799),,,1940,,,3.03,Reference
21.4,,,blank1,AEmAA-AEmA-AEmA,633.2734,633.2848,1896.8324,3,-.aEJAAAEJAAEJA.-,30.44,1.37e+3,,NTerm(GlcNAc(1)MurNAc_alditol(1)_nonreduced/478.1799),,,2157,,,3.03,Reference
21.5,,,blank3,AEmAA-AEmA-AEmA,633.2875,633.2848,1896.8324,3,-.aEJAAAEJAAEJA.-,30.44,1.22e+3,,NTerm(GlcNAc(1)MurNAc_alditol(1)_nonreduced/478.1799),,,2411,,,3.03,Reference
21.6,,,sonic3,AEmAA-AEmA-AEmA,633.2751,633.2848,1896.8324,3,-.aEJAAAEJAAEJA.-,30.11,5.45e+5,,NTerm(GlcNAc(1)MurNAc_alditol(1)_nonreduced/478.1799),,,2480,,,3.03,Reference
21.7,True-positive,,lys3,AEmAA-AEmA-AEmA,633.2877,633.2848,1896.8324,3,-.aEJAAAEJAAEJA.-,30.44,1.79e+6,,NTerm(GlcNAc(1)MurNAc_alditol(1)_nonreduced/478.1799),--,6.95 - 80.40,1351; 1350,,7210_TM_38.raw_20200620_nonreduced_typical_trimers,3.03,Reference
21.7.1,True-positive,,lys3,AEmAA-AEmA-AEmA,633.2877,633.2848,1896.8324,3,-.aEJAAAEJAAEJA.-,30.44,1.79e+6,,NTerm(GlcNAc(1)MurNAc_alditol(1)_nonreduced/478.1799),etd,80.40,1351,,7210_TM_38.raw_20200620_nonreduced_typical_trimers,3.03,Reference
21.7.2,True-positive,,lys3,AEmAA-AEmA-AEmA,633.2877,633.2848,1896.8324,3,-.aEJAAAEJAAEJA.-,30.44,1.79e+6,,NTerm(GlcNAc(1)MurNAc_alditol(1)_nonreduced/478.1799),ethcd,6.95,1350,,7210_TM_38.raw_20200620_nonreduced_typical_trimers,3.03,Reference
22,,,blank5; blank2; blank4; blank1; blank3; sonic3; lys3,AEmF-AEmA,960.4543 - 960.4543,960.4044,1918.7943,2,-.aEJFAEJa.-,48.01 - 49.99,0.000e+0 - 3.846e+4,,NTerm(GlcNAc(1)MurNAc_alditol(1)_nonreduced/478.1799); CTerm(GlcNAc(1)anhMurNAc_alditol(1)/460.1693),,,1650; 1768; 1977; 2197; 2448; 2516; 2569,,,3.13,Reference
22.1,,,blank5,AEmF-AEmA,,960.4044,1918.7943,2,-.aEJFAEJa.-,48.23,1.03e+4,,NTerm(GlcNAc(1)MurNAc_alditol(1)_nonreduced/478.1799); CTerm(GlcNAc(1)anhMurNAc_alditol(1)/460.1693),,,1650,,,3.13,Reference
22.2,,,blank2,AEmF-AEmA,,960.4044,1918.7943,2,-.aEJFAEJa.-,49.04,2.11e+4,,NTerm(GlcNAc(1)MurNAc_alditol(1)_nonreduced/478.1799); CTerm(GlcNAc(1)anhMurNAc_alditol(1)/460.1693),,,1768,,,3.13,Reference
22.3,,,blank4,AEmF-AEmA,,960.4044,1918.7943,2,-.aEJFAEJa.-,49.99,2.51e+4,,NTerm(GlcNAc(1)MurNAc_alditol(1)_nonreduced/478.1799); CTerm(GlcNAc(1)anhMurNAc_alditol(1)/460.1693),,,1977,,,3.13,Reference
22.4,,,blank1,AEmF-AEmA,,960.4044,1918.7943,2,-.aEJFAEJa.-,49.07,3.85e+4,,NTerm(GlcNAc(1)MurNAc_alditol(1)_nonreduced/478.1799); CTerm(GlcNAc(1)anhMurNAc_alditol(1)/460.1693),,,2197,,,3.13,Reference
22.5,,,blank3,AEmF-AEmA,,960.4044,1918.7943,2,-.aEJFAEJa.-,48.02,0,,NTerm(GlcNAc(1)MurNAc_alditol(1)_nonreduced/478.1799); CTerm(GlcNAc(1)anhMurNAc_alditol(1)/460.1693),,,2448,,,3.13,Reference
22.6,,,sonic3,AEmF-AEmA,,960.4044,1918.7943,2,-.aEJFAEJa.-,48.01,0,,NTerm(GlcNAc(1)MurNAc_alditol(1)_nonreduced/478.1799); CTerm(GlcNAc(1)anhMurNAc_alditol(1)/460.1693),,,2516,,,3.13,Reference
22.7,,,lys3,AEmF-AEmA,960.4543,960.4044,1918.7943,2,-.aEJFAEJa.-,48.03,0,,NTerm(GlcNAc(1)MurNAc_alditol(1)_nonreduced/478.1799); CTerm(GlcNAc(1)anhMurNAc_alditol(1)/460.1693),,,2569,,,3.13,Reference
23,,,blank5; blank2; blank4; blank1; blank3; sonic3; lys3,AEmF-AEmA,969.4137 - 969.4137,969.4097,1936.8049,2,-.aEJFAEJa.-,43.53 - 46.20,4.076e+3 - 2.732e+5,,NTerm(GlcNAc(1)MurNAc_alditol(1)_nonreduced/478.1799); CTerm(GlcNAc(1)MurNAc_alditol(1)_nonreduced/478.1799),,,1649; 1767; 1976; 2196; 2447; 2515; 2568,,,3.13,Reference
23.1,,,blank5,AEmF-AEmA,969.4137,969.4097,1936.8049,2,-.aEJFAEJa.-,44.76,3.88e+4,,NTerm(GlcNAc(1)MurNAc_alditol(1)_nonreduced/478.1799); CTerm(GlcNAc(1)MurNAc_alditol(1)_nonreduced/478.1799),,,1649,,,3.13,Reference
23.2,,,blank2,AEmF-AEmA,,969.4097,1936.8049,2,-.aEJFAEJa.-,46.20,1.41e+4,,NTerm(GlcNAc(1)MurNAc_alditol(1)_nonreduced/478.1799); CTerm(GlcNAc(1)MurNAc_alditol(1)_nonreduced/478.1799),,,1767,,,3.13,Reference
23.3,,,blank4,AEmF-AEmA,,969.4097,1936.8049,2,-.aEJFAEJa.-,43.59,4.08e+3,,NTerm(GlcNAc(1)MurNAc_alditol(1)_nonreduced/478.1799); CTerm(GlcNAc(1)MurNAc_alditol(1)_nonreduced/478.1799),,,1976,,,3.13,Reference
23.4,,,blank1,AEmF-AEmA,,969.4097,1936.8049,2,-.aEJFAEJa.-,44.96,1.92e+4,,NTerm(GlcNAc(1)MurNAc_alditol(1)_nonreduced/478.1799); CTerm(GlcNAc(1)MurNAc_alditol(1)_nonreduced/478.1799),,,2196,,,3.13,Reference
23.5,,,blank3,AEmF-AEmA,,969.4097,1936.8049,2,-.aEJFAEJa.-,43.82,8.58e+3,,NTerm(GlcNAc(1)MurNAc_alditol(1)_nonreduced/478.1799); CTerm(GlcNAc(1)MurNAc_alditol(1)_nonreduced/478.1799),,,2447,,,3.13,Reference
23.6,,,sonic3,AEmF-AEmA,,969.4097,1936.8049,2,-.aEJFAEJa.-,43.79,2.73e+5,,NTerm(GlcNAc(1)MurNAc_alditol(1)_nonreduced/478.1799); CTerm(GlcNAc(1)MurNAc_alditol(1)_nonreduced/478.1799),,,2515,,,3.13,Reference
23.7,,,lys3,AEmF-AEmA,,969.4097,1936.8049,2,-.aEJFAEJa.-,43.53,2.07e+5,,NTerm(GlcNAc(1)MurNAc_alditol(1)_nonreduced/478.1799); CTerm(GlcNAc(1)MurNAc_alditol(1)_nonreduced/478.1799),,,2568,,,3.13,Reference
24,,,blank5; blank2; blank4; blank1; blank3; sonic3; lys3,AEmKR-AEm,662.6382 - 662.6382,662.6356,1984.8849,3,-.aEJKRAEj.-,33.48 - 36.71,0.000e+0 - 3.994e+4,,NTerm(GlcNAc(1)MurNAc_alditol(1)_nonreduced/478.1799); CTerm(GlcNAc(1)anhMurNAc_alditol(1)/460.1693),,,1662; 1780; 1989; 2209; 2460; 2527; 2580,,,7.02,Reference
24.1,,,blank5,AEmKR-AEm,662.6382,662.6356,1984.8849,3,-.aEJKRAEj.-,35.44,3.99e+4,,NTerm(GlcNAc(1)MurNAc_alditol(1)_nonreduced/478.1799); CTerm(GlcNAc(1)anhMurNAc_alditol(1)/460.1693),,,1662,,,7.02,Reference
24.2,,,blank2,AEmKR-AEm,,662.6356,1984.8849,3,-.aEJKRAEj.-,34.73,8.4e+3,,NTerm(GlcNAc(1)MurNAc_alditol(1)_nonreduced/478.1799); CTerm(GlcNAc(1)anhMurNAc_alditol(1)/460.1693),,,1780,,,7.02,Reference
24.3,,,blank4,AEmKR-AEm,,662.6356,1984.8849,3,-.aEJKRAEj.-,36.71,1.11e+4,,NTerm(GlcNAc(1)MurNAc_alditol(1)_nonreduced/478.1799); CTerm(GlcNAc(1)anhMurNAc_alditol(1)/460.1693),,,1989,,,7.02,Reference
24.4,,,blank1,AEmKR-AEm,,662.6356,1984.8849,3,-.aEJKRAEj.-,35.03,1.22e+4,,NTerm(GlcNAc(1)MurNAc_alditol(1)_nonreduced/478.1799); CTerm(GlcNAc(1)anhMurNAc_alditol(1)/460.1693),,,2209,,,7.02,Reference
24.5,,,blank3,AEmKR-AEm,,662.6356,1984.8849,3,-.aEJKRAEj.-,33.54,1.11e+4,,NTerm(GlcNAc(1)MurNAc_alditol(1)_nonreduced/478.1799); CTerm(GlcNAc(1)anhMurNAc_alditol(1)/460.1693),,,2460,,,7.02,Reference
24.6,,,sonic3,AEmKR-AEm,,662.6356,1984.8849,3,-.aEJKRAEj.-,33.48,0,,NTerm(GlcNAc(1)MurNAc_alditol(1)_nonreduced/478.1799); CTerm(GlcNAc(1)anhMurNAc_alditol(1)/460.1693),,,2527,,,7.02,Reference
24.7,,,lys3,AEmKR-AEm,,662.6356,1984.8849,3,-.aEJKRAEj.-,33.49,0,,NTerm(GlcNAc(1)MurNAc_alditol(1)_nonreduced/478.1799); CTerm(GlcNAc(1)anhMurNAc_alditol(1)/460.1693),,,2580,,,7.02,Reference
25,,,blank5; blank2; blank4; blank1; blank3; sonic3; lys3,AEmKR-AEm,668.6410 - 668.6418,668.6391,2002.8955,3,-.aEJKRAEj.-,29.16 - 33.46,5.280e+4 - 1.629e+7,,NTerm(GlcNAc(1)MurNAc_alditol(1)_nonreduced/478.1799); CTerm(GlcNAc(1)MurNAc_alditol(1)_nonreduced/478.1799),,,1659; 1777; 1986; 2206; 2457; 2524; 2577,,,7.02,Reference
25.1,,,blank5,AEmKR-AEm,668.6410,668.6391,2002.8955,3,-.aEJKRAEj.-,32.75,1.58e+6,,NTerm(GlcNAc(1)MurNAc_alditol(1)_nonreduced/478.1799); CTerm(GlcNAc(1)MurNAc_alditol(1)_nonreduced/478.1799),,,1659,,,7.02,Reference
25.2,,,blank2,AEmKR-AEm,668.6415,668.6391,2002.8955,3,-.aEJKRAEj.-,33.46,1.69e+5,,NTerm(GlcNAc(1)MurNAc_alditol(1)_nonreduced/478.1799); CTerm(GlcNAc(1)MurNAc_alditol(1)_nonreduced/478.1799),,,1777,,,7.02,Reference
25.3,,,blank4,AEmKR-AEm,,668.6391,2002.8955,3,-.aEJKRAEj.-,31.74,5.28e+4,,NTerm(GlcNAc(1)MurNAc_alditol(1)_nonreduced/478.1799); CTerm(GlcNAc(1)MurNAc_alditol(1)_nonreduced/478.1799),,,1986,,,7.02,Reference
25.4,,,blank1,AEmKR-AEm,,668.6391,2002.8955,3,-.aEJKRAEj.-,31.02,5.68e+4,,NTerm(GlcNAc(1)MurNAc_alditol(1)_nonreduced/478.1799); CTerm(GlcNAc(1)MurNAc_alditol(1)_nonreduced/478.1799),,,2206,,,7.02,Reference
25.5,,,blank3,AEmKR-AEm,,668.6391,2002.8955,3,-.aEJKRAEj.-,29.80,7.03e+4,,NTerm(GlcNAc(1)MurNAc_alditol(1)_nonreduced/478.1799); CTerm(GlcNAc(1)MurNAc_alditol(1)_nonreduced/478.1799),,,2457,,,7.02,Reference
25.6,,,sonic3,AEmKR-AEm,668.6415,668.6391,2002.8955,3,-.aEJKRAEj.-,29.16,1.56e+7,,NTerm(GlcNAc(1)MurNAc_alditol(1)_nonreduced/478.1799); CTerm(GlcNAc(1)MurNAc_alditol(1)_nonreduced/478.1799),,,2524,,,7.02,Reference
25.7,,,lys3,AEmKR-AEm,668.6418,668.6391,2002.8955,3,-.aEJKRAEj.-,29.30,1.63e+7,,NTerm(GlcNAc(1)MurNAc_alditol(1)_nonreduced/478.1799); CTerm(GlcNAc(1)MurNAc_alditol(1)_nonreduced/478.1799),,,2577,,,7.02,Reference
26,,,blank5; blank2; blank4; blank1; blank3; sonic3; lys3,AEmKR-AEmA,,686.3146,2055.9220,3,-.aEJKRAEJa.-,35.94 - 40.57,3.037e+3 - 9.744e+6,,NTerm(GlcNAc(1)MurNAc_alditol(1)_nonreduced/478.1799); CTerm(GlcNAc(1)anhMurNAc_alditol(1)/460.1693),,,1667; 1785; 1994; 2214; 2465; 2531; 2583,,,7.02,Reference
26.1,,,blank5,AEmKR-AEmA,,686.3146,2055.9220,3,-.aEJKRAEJa.-,35.94,1.11e+5,,NTerm(GlcNAc(1)MurNAc_alditol(1)_nonreduced/478.1799); CTerm(GlcNAc(1)anhMurNAc_alditol(1)/460.1693),,,1667,,,7.02,Reference
26.2,,,blank2,AEmKR-AEmA,,686.3146,2055.9220,3,-.aEJKRAEJa.-,40.57,2.34e+4,,NTerm(GlcNAc(1)MurNAc_alditol(1)_nonreduced/478.1799); CTerm(GlcNAc(1)anhMurNAc_alditol(1)/460.1693),,,1785,,,7.02,Reference
26.3,,,blank4,AEmKR-AEmA,,686.3146,2055.9220,3,-.aEJKRAEJa.-,39.27,1.8e+4,,NTerm(GlcNAc(1)MurNAc_alditol(1)_nonreduced/478.1799); CTerm(GlcNAc(1)anhMurNAc_alditol(1)/460.1693),,,1994,,,7.02,Reference
26.4,,,blank1,AEmKR-AEmA,,686.3146,2055.9220,3,-.aEJKRAEJa.-,39.63,3.04e+3,,NTerm(GlcNAc(1)MurNAc_alditol(1)_nonreduced/478.1799); CTerm(GlcNAc(1)anhMurNAc_alditol(1)/460.1693),,,2214,,,7.02,Reference
26.5,,,blank3,AEmKR-AEmA,,686.3146,2055.9220,3,-.aEJKRAEJa.-,39.11,6.03e+3,,NTerm(GlcNAc(1)MurNAc_alditol(1)_nonreduced/478.1799); CTerm(GlcNAc(1)anhMurNAc_alditol(1)/460.1693),,,2465,,,7.02,Reference
26.6,,,sonic3,AEmKR-AEmA,,686.3146,2055.9220,3,-.aEJKRAEJa.-,38.37,9.74e+6,,NTerm(GlcNAc(1)MurNAc_alditol(1)_nonreduced/478.1799); CTerm(GlcNAc(1)anhMurNAc_alditol(1)/460.1693),,,2531,,,7.02,Reference
26.7,,,lys3,AEmKR-AEmA,,686.3146,2055.9220,3,-.aEJKRAEJa.-,38.26,6.35e+6,,NTerm(GlcNAc(1)MurNAc_alditol(1)_nonreduced/478.1799); CTerm(GlcNAc(1)anhMurNAc_alditol(1)/460.1693),,,2583,,,7.02,Reference
27,--,,blank5; blank2; blank4; blank1; blank3; sonic3; lys3,AEmKR-AEmA,692.3199 - 692.3206,692.3181,2073.9326,3,-.aEJKRAEJa.-,30.69 - 39.04,3.776e+3 - 8.269e+7,,NTerm(GlcNAc(1)MurNAc_alditol(1)_nonreduced/478.1799); CTerm(GlcNAc(1)MurNAc_alditol(1)_nonreduced/478.1799),--,1.09 - 11.60,1665; 1783; 1992; 2212; 2463; 1177; 1176; 1274; 1272,,7210_TM_35.raw_20200620_nonreduced_atypical_dimers; 7210_TM_38.raw_20200620_nonreduced_atypical_dimers,7.02,Reference
27.1,,,blank5,AEmKR-AEmA,,692.3181,2073.9326,3,-.aEJKRAEJa.-,38.55,1.91e+4,,NTerm(GlcNAc(1)MurNAc_alditol(1)_nonreduced/478.1799); CTerm(GlcNAc(1)MurNAc_alditol(1)_nonreduced/478.1799),,,1665,,,7.02,Reference
27.2,,,blank2,AEmKR-AEmA,,692.3181,2073.9326,3,-.aEJKRAEJa.-,39.04,1.1e+4,,NTerm(GlcNAc(1)MurNAc_alditol(1)_nonreduced/478.1799); CTerm(GlcNAc(1)MurNAc_alditol(1)_nonreduced/478.1799),,,1783,,,7.02,Reference
27.3,,,blank4,AEmKR-AEmA,,692.3181,2073.9326,3,-.aEJKRAEJa.-,36.06,2.24e+4,,NTerm(GlcNAc(1)MurNAc_alditol(1)_nonreduced/478.1799); CTerm(GlcNAc(1)MurNAc_alditol(1)_nonreduced/478.1799),,,1992,,,7.02,Reference
27.4,,,blank1,AEmKR-AEmA,,692.3181,2073.9326,3,-.aEJKRAEJa.-,34.64,3.78e+3,,NTerm(GlcNAc(1)MurNAc_alditol(1)_nonreduced/478.1799); CTerm(GlcNAc(1)MurNAc_alditol(1)_nonreduced/478.1799),,,2212,,,7.02,Reference
27.5,,,blank3,AEmKR-AEmA,,692.3181,2073.9326,3,-.aEJKRAEJa.-,35.48,5.49e+3,,NTerm(GlcNAc(1)MurNAc_alditol(1)_nonreduced/478.1799); CTerm(GlcNAc(1)MurNAc_alditol(1)_nonreduced/478.1799),,,2463,,,7.02,Reference
27.6,True-positive,,sonic3,AEmKR-AEmA,692.3203 - 692.3206,692.3181,2073.9326,3,-.aEJKRAEJa.-,35.13,8.27e+7,,NTerm(GlcNAc(1)MurNAc_alditol(1)_nonreduced/478.1799); CTerm(GlcNAc(1)MurNAc_alditol(1)_nonreduced/478.1799),--,1.09 - 9.02,1177; 1176,,7210_TM_35.raw_20200620_nonreduced_atypical_dimers,7.02,Reference
27.6.1,True-positive,,sonic3,AEmKR-AEmA,692.3203,692.3181,2073.9326,3,-.aEJKRAEJa.-,35.13,8.27e+7,,NTerm(GlcNAc(1)MurNAc_alditol(1)_nonreduced/478.1799); CTerm(GlcNAc(1)MurNAc_alditol(1)_nonreduced/478.1799),etd,1.09,1177,,7210_TM_35.raw_20200620_nonreduced_atypical_dimers,7.02,Reference
27.6.2,True-positive,,sonic3,AEmKR-AEmA,692.3206,692.3181,2073.9326,3,-.aEJKRAEJa.-,35.13,8.27e+7,,NTerm(GlcNAc(1)MurNAc_alditol(1)_nonreduced/478.1799); CTerm(GlcNAc(1)MurNAc_alditol(1)_nonreduced/478.1799),ethcd,9.02,1176,,7210_TM_35.raw_20200620_nonreduced_atypical_dimers,7.02,Reference
27.7,True-positive,,lys3,AEmKR-AEmA,692.3199 - 692.3204,692.3181,2073.9326,3,-.aEJKRAEJa.-,30.69,5.61e+7,,NTerm(GlcNAc(1)MurNAc_alditol(1)_nonreduced/478.1799); CTerm(GlcNAc(1)MurNAc_alditol(1)_nonreduced/478.1799),ethcd,6.08 - 11.60,1274; 1272,,7210_TM_38.raw_20200620_nonreduced_atypical_dimers,7.02,Reference
27.7.1,True-positive,,lys3,AEmKR-AEmA,692.3204,692.3181,2073.9326,3,-.aEJKRAEJa.-,30.69,5.61e+7,,NTerm(GlcNAc(1)MurNAc_alditol(1)_nonreduced/478.1799); CTerm(GlcNAc(1)MurNAc_alditol(1)_nonreduced/478.1799),ethcd,11.60,1274,,7210_TM_38.raw_20200620_nonreduced_atypical_dimers,7.02,Reference
27.7.2,True-positive,,lys3,AEmKR-AEmA,692.3199,692.3181,2073.9326,3,-.aEJKRAEJa.-,30.69,5.61e+7,,NTerm(GlcNAc(1)MurNAc_alditol(1)_nonreduced/478.1799); CTerm(GlcNAc(1)MurNAc_alditol(1)_nonreduced/478.1799),ethcd,6.08,1272,,7210_TM_38.raw_20200620_nonreduced_atypical_dimers,7.02,Reference
28,,,blank5; blank2; blank4; blank1; blank3; sonic3; lys3,AEmA-AEmA-AEm,745.3177 - 745.3177,745.3200,2232.9381,3,-.aEjAAEJAAEJ.-,35.01 - 35.74,0.000e+0 - 4.609e+4,,NTerm(GlcNAc(1)MurNAc_alditol(1)_nonreduced/478.1799); J3(GlcNAc(1)MurNAc_alditol(1)_nonreduced/478.1799),,,1632; 1751; 1959; 2178; 2430; 2497; 2554,,,3.03,Reference
28.1,,,blank5,AEmA-AEmA-AEm,,745.3200,2232.9381,3,-.aEjAAEJAAEJ.-,35.41,1.97e+4,,NTerm(GlcNAc(1)MurNAc_alditol(1)_nonreduced/478.1799); J3(GlcNAc(1)MurNAc_alditol(1)_nonreduced/478.1799),,,1632,,,3.03,Reference
28.2,,,blank2,AEmA-AEmA-AEm,,745.3200,2232.9381,3,-.aEjAAEJAAEJ.-,35.04,0,,NTerm(GlcNAc(1)MurNAc_alditol(1)_nonreduced/478.1799); J3(GlcNAc(1)MurNAc_alditol(1)_nonreduced/478.1799),,,1751,,,3.03,Reference
28.3,,,blank4,AEmA-AEmA-AEm,,745.3200,2232.9381,3,-.aEjAAEJAAEJ.-,35.01,0,,NTerm(GlcNAc(1)MurNAc_alditol(1)_nonreduced/478.1799); J3(GlcNAc(1)MurNAc_alditol(1)_nonreduced/478.1799),,,1959,,,3.03,Reference
28.4,,,blank1,AEmA-AEmA-AEm,,745.3200,2232.9381,3,-.aEjAAEJAAEJ.-,35.74,1.39e+3,,NTerm(GlcNAc(1)MurNAc_alditol(1)_nonreduced/478.1799); J3(GlcNAc(1)MurNAc_alditol(1)_nonreduced/478.1799),,,2178,,,3.03,Reference
28.5,,,blank3,AEmA-AEmA-AEm,,745.3200,2232.9381,3,-.aEjAAEJAAEJ.-,35.02,0,,NTerm(GlcNAc(1)MurNAc_alditol(1)_nonreduced/478.1799); J3(GlcNAc(1)MurNAc_alditol(1)_nonreduced/478.1799),,,2430,,,3.03,Reference
28.6,,,sonic3,AEmA-AEmA-AEm,745.3177,745.3200,2232.9381,3,-.aEjAAEJAAEJ.-,35.68,4.61e+4,,NTerm(GlcNAc(1)MurNAc_alditol(1)_nonreduced/478.1799); J3(GlcNAc(1)MurNAc_alditol(1)_nonreduced/478.1799),,,2497,,,3.03,Reference
28.7,,,lys3,AEmA-AEmA-AEm,,745.3200,2232.9381,3,-.aEjAAEJAAEJ.-,35.18,3.49e+4,,NTerm(GlcNAc(1)MurNAc_alditol(1)_nonreduced/478.1799); J3(GlcNAc(1)MurNAc_alditol(1)_nonreduced/478.1799),,,2554,,,3.03,Reference
